,validated,accepted,committed, ,avg_accep,avg_comm
0,9,21,81,10.46653307,66.78997996,95.65811623
1,10,22,82,,,
2,11,1961,2073,,,
3,10,22,85,,,
4,10,23,86,,,
5,11,23,84,,,
6,9,20,115,,,
7,11,23,84,,,
8,10,666,773,,,
9,11,23,84,,,
10,12,24,84,,,
11,10,22,82,,,
12,10,21,83,,,
13,11,23,115,,,
14,11,25,94,,,
15,12,23,116,,,
16,10,21,81,,,
17,12,24,86,,,
18,11,26,96,,,
19,11,24,86,,,
20,10,22,82,,,
21,9,20,111,,,
22,12,24,87,,,
23,11,23,83,,,
24,12,24,113,,,
25,11,23,125,,,
26,11,110,173,,,
27,11,22,82,,,
28,10,22,104,,,
29,11,23,83,,,
30,10,21,107,,,
31,11,23,82,,,
32,11,23,83,,,
33,11,22,83,,,
34,10,21,82,,,
35,11,23,86,,,
36,10,22,125,,,
37,11,23,116,,,
38,10,24,86,,,
39,10,22,84,,,
40,10,22,80,,,
41,11,22,81,,,
42,11,23,84,,,
43,11,25,107,,,
44,11,24,109,,,
45,10,22,107,,,
46,11,23,83,,,
47,10,22,91,,,
48,9,21,83,,,
49,10,23,84,,,
50,10,22,115,,,
51,10,21,84,,,
52,11,24,87,,,
53,12,386,491,,,
54,11,22,84,,,
55,11,23,87,,,
56,9,23,84,,,
57,12,24,89,,,
58,10,23,84,,,
59,11,23,86,,,
60,11,23,84,,,
61,10,22,102,,,
62,9,21,85,,,
63,11,23,107,,,
64,10,22,86,,,
65,10,2047,3613,,,
66,11,23,85,,,
67,11,756,1391,,,
68,10,22,122,,,
69,11,24,118,,,
70,10,21,104,,,
71,10,22,82,,,
72,10,22,117,,,
73,11,23,84,,,
74,11,22,82,,,
75,11,24,86,,,
76,11,23,86,,,
77,10,23,83,,,
78,9,22,115,,,
79,10,24,87,,,
80,11,24,87,,,
81,10,22,113,,,
82,12,23,109,,,
83,11,23,87,,,
84,10,22,83,,,
85,10,22,111,,,
86,10,21,84,,,
87,10,22,108,,,
88,9,21,85,,,
89,9,21,79,,,
90,10,22,84,,,
91,9,21,113,,,
92,10,22,80,,,
93,11,23,85,,,
94,11,23,115,,,
95,10,22,84,,,
96,11,22,103,,,
97,9,21,121,,,
98,11,23,83,,,
99,11,23,129,,,
100,11,23,84,,,
101,10,22,83,,,
102,10,21,105,,,
103,8,20,80,,,
104,10,24,124,,,
105,10,22,87,,,
106,12,24,83,,,
107,10,22,83,,,
108,10,22,83,,,
109,10,22,111,,,
110,10,22,82,,,
111,11,24,84,,,
112,11,23,83,,,
113,11,23,83,,,
114,11,23,83,,,
115,11,21,120,,,
116,11,23,91,,,
117,10,517,625,,,
118,10,21,107,,,
119,11,23,120,,,
120,10,22,108,,,
121,10,21,101,,,
122,10,1039,1147,,,
123,12,23,84,,,
124,10,22,124,,,
125,11,23,83,,,
126,10,21,104,,,
127,9,20,81,,,
128,10,21,84,,,
129,10,22,81,,,
130,11,23,125,,,
131,10,22,119,,,
132,10,24,114,,,
133,9,21,127,,,
134,10,22,82,,,
135,11,23,85,,,
136,10,23,84,,,
137,10,22,120,,,
138,9,21,112,,,
139,10,22,85,,,
140,13,26,140,,,
141,10,22,83,,,
142,10,23,105,,,
143,9,20,81,,,
144,11,24,88,,,
145,10,21,113,,,
146,10,23,105,,,
147,10,23,115,,,
148,11,22,174,,,
149,12,24,109,,,
150,11,22,85,,,
151,10,22,122,,,
152,11,23,85,,,
153,11,23,84,,,
154,9,20,112,,,
155,13,26,88,,,
156,12,25,85,,,
157,10,2164,2280,,,
158,10,21,82,,,
159,9,21,109,,,
160,10,23,84,,,
161,9,20,81,,,
162,12,25,127,,,
163,11,22,107,,,
164,12,23,109,,,
165,10,22,85,,,
166,11,24,116,,,
167,11,24,119,,,
168,14,994,1099,,,
169,10,22,103,,,
170,11,23,118,,,
171,13,26,87,,,
172,12,25,87,,,
173,10,22,104,,,
174,10,22,77,,,
175,10,22,82,,,
176,9,21,104,,,
177,11,23,83,,,
178,11,24,107,,,
179,11,23,84,,,
180,12,25,89,,,
181,10,22,82,,,
182,10,22,108,,,
183,11,24,85,,,
184,9,21,117,,,
185,12,24,84,,,
186,10,22,85,,,
187,11,23,83,,,
188,10,22,83,,,
189,9,20,82,,,
190,11,23,122,,,
191,12,23,85,,,
192,10,23,128,,,
193,10,23,115,,,
194,10,23,118,,,
195,11,24,112,,,
196,9,21,82,,,
197,11,23,113,,,
198,10,23,108,,,
199,11,23,109,,,
200,11,23,121,,,
201,12,25,85,,,
202,11,23,97,,,
203,11,22,81,,,
204,10,22,82,,,
205,10,21,81,,,
206,10,24,84,,,
207,9,21,81,,,
208,12,24,86,,,
209,10,22,112,,,
210,11,23,84,,,
211,9,21,79,,,
212,10,23,86,,,
213,10,21,84,,,
214,9,21,111,,,
215,10,2254,2369,,,
216,10,23,84,,,
217,10,22,84,,,
218,10,22,87,,,
219,10,22,87,,,
220,10,22,86,,,
221,10,23,88,,,
222,11,23,86,,,
223,10,22,116,,,
224,11,24,91,,,
225,10,22,82,,,
226,11,23,111,,,
227,11,23,113,,,
228,10,22,83,,,
229,10,22,82,,,
230,10,21,115,,,
231,11,22,85,,,
232,12,2513,4444,,,
233,9,23,85,,,
234,12,24,116,,,
235,10,22,114,,,
236,11,24,112,,,
237,11,26,90,,,
238,10,21,109,,,
239,9,21,82,,,
240,11,23,115,,,
241,11,22,104,,,
242,11,23,86,,,
243,11,26,92,,,
244,11,2111,3581,,,
245,9,20,92,,,
246,10,22,102,,,
247,11,23,86,,,
248,11,22,82,,,
249,9,23,85,,,
250,9,21,113,,,
251,11,22,84,,,
252,10,22,113,,,
253,10,22,83,,,
254,9,21,104,,,
255,10,22,84,,,
256,9,21,81,,,
257,11,23,85,,,
258,11,22,81,,,
259,10,23,86,,,
260,10,22,82,,,
261,11,24,87,,,
262,11,22,84,,,
263,10,23,86,,,
264,13,28,97,,,
265,11,24,114,,,
266,10,21,114,,,
267,10,21,109,,,
268,11,23,84,,,
269,10,1245,1352,,,
270,10,22,83,,,
271,11,24,87,,,
272,8,21,81,,,
273,12,25,106,,,
274,10,21,106,,,
275,10,22,86,,,
276,9,21,107,,,
277,12,24,120,,,
278,10,23,84,,,
279,11,23,85,,,
280,11,24,93,,,
281,10,22,82,,,
282,11,23,111,,,
283,10,22,83,,,
284,11,23,111,,,
285,10,22,97,,,
286,11,22,117,,,
287,11,638,742,,,
288,10,22,82,,,
289,9,21,83,,,
290,10,22,83,,,
291,11,559,971,,,
292,16,792,901,,,
293,11,23,188,,,
294,10,2182,2298,,,
295,11,23,86,,,
296,11,23,115,,,
297,10,24,85,,,
298,10,22,84,,,
299,10,1293,1400,,,
300,11,23,105,,,
301,10,22,84,,,
302,10,22,107,,,
303,12,24,88,,,
304,9,21,114,,,
305,10,21,108,,,
306,10,22,103,,,
307,10,92,197,,,
308,11,23,114,,,
309,11,187,290,,,
310,10,21,81,,,
311,11,24,85,,,
312,10,22,84,,,
313,11,23,85,,,
314,11,24,86,,,
315,10,22,84,,,
316,10,22,85,,,
317,11,23,85,,,
318,11,23,85,,,
319,11,23,84,,,
320,9,21,82,,,
321,10,21,115,,,
322,11,22,82,,,
323,11,22,81,,,
324,10,21,126,,,
325,10,22,85,,,
326,13,25,86,,,
327,10,22,82,,,
328,10,21,82,,,
329,10,21,109,,,
330,11,23,83,,,
331,9,21,84,,,
332,11,259,362,,,
333,11,23,116,,,
334,9,20,80,,,
335,12,23,115,,,
336,10,21,82,,,
337,10,21,81,,,
338,14,488,596,,,
339,11,22,82,,,
340,10,21,86,,,
341,10,22,84,,,
342,11,23,82,,,
343,10,22,82,,,
344,13,127,234,,,
345,10,21,81,,,
346,10,22,91,,,
347,10,21,80,,,
348,10,21,111,,,
349,10,21,104,,,
350,11,38,143,,,
351,11,23,86,,,
352,10,22,81,,,
353,11,24,85,,,
354,8,20,101,,,
355,10,22,106,,,
356,10,22,85,,,
357,10,24,132,,,
358,10,23,83,,,
359,10,22,91,,,
360,10,22,85,,,
361,9,21,84,,,
362,9,21,116,,,
363,11,23,533,,,
364,11,23,83,,,
365,10,22,111,,,
366,12,24,82,,,
367,9,21,84,,,
368,10,22,109,,,
369,9,21,117,,,
370,10,22,85,,,
371,11,23,83,,,
372,10,22,115,,,
373,12,23,83,,,
374,11,22,83,,,
375,12,24,86,,,
376,10,22,83,,,
377,10,22,115,,,
378,10,22,81,,,
379,10,1143,2081,,,
380,10,23,111,,,
381,12,24,121,,,
382,11,23,118,,,
383,10,21,83,,,
384,11,22,84,,,
385,11,23,83,,,
386,9,20,81,,,
387,9,20,103,,,
388,11,24,87,,,
389,11,23,83,,,
390,10,22,83,,,
391,9,21,81,,,
392,10,22,82,,,
393,10,21,108,,,
394,11,23,130,,,
395,12,25,86,,,
396,10,21,88,,,
397,10,22,81,,,
398,11,23,84,,,
399,11,23,83,,,
400,10,28,131,,,
401,12,23,84,,,
402,11,1233,1337,,,
403,11,253,357,,,
404,10,22,84,,,
405,10,22,84,,,
406,14,916,1020,,,
407,11,24,89,,,
408,9,20,95,,,
409,11,22,105,,,
410,12,25,86,,,
411,10,25,96,,,
412,11,22,84,,,
413,11,23,112,,,
414,10,21,83,,,
415,10,21,115,,,
416,9,20,104,,,
417,11,23,84,,,
418,11,22,129,,,
419,10,21,129,,,
420,10,21,111,,,
421,11,23,86,,,
422,14,456,564,,,
423,11,23,82,,,
424,11,22,87,,,
425,9,21,82,,,
426,11,22,83,,,
427,11,23,82,,,
428,10,22,116,,,
429,11,21,106,,,
430,11,27,98,,,
431,11,23,86,,,
432,11,23,139,,,
433,10,22,85,,,
434,9,21,106,,,
435,11,23,84,,,
436,10,21,81,,,
437,11,23,82,,,
438,11,23,97,,,
439,10,21,83,,,
440,10,22,85,,,
441,11,22,84,,,
442,9,21,81,,,
443,11,21,105,,,
444,11,23,83,,,
445,10,21,82,,,
446,11,23,83,,,
447,11,23,86,,,
448,10,22,83,,,
449,11,24,85,,,
450,10,21,91,,,
451,12,25,117,,,
452,10,22,85,,,
453,9,21,82,,,
454,10,21,103,,,
455,10,21,81,,,
456,11,23,115,,,
457,9,21,117,,,
458,12,24,80,,,
459,12,24,128,,,
460,12,24,87,,,
461,12,33,138,,,
462,10,21,83,,,
463,10,21,109,,,
464,10,21,109,,,
465,11,22,83,,,
466,10,22,84,,,
467,11,23,82,,,
468,11,23,83,,,
469,11,23,106,,,
470,11,23,122,,,
471,11,24,86,,,
472,10,22,102,,,
473,13,25,88,,,
474,10,23,85,,,
475,11,22,88,,,
476,11,23,121,,,
477,10,1696,1808,,,
478,10,21,105,,,
479,10,22,104,,,
480,11,23,103,,,
481,10,23,85,,,
482,11,22,83,,,
483,9,20,112,,,
484,12,23,119,,,
485,10,22,81,,,
486,10,23,85,,,
487,10,22,85,,,
488,12,25,94,,,
489,10,22,114,,,
490,11,23,105,,,
491,10,21,81,,,
492,9,21,107,,,
493,9,21,123,,,
494,11,25,107,,,
495,11,23,83,,,
496,10,22,83,,,
497,9,21,84,,,
498,12,24,86,,,
499,9,21,103,,,
500,10,21,121,,,
501,10,23,120,,,
502,9,23,86,,,
503,9,22,82,,,
504,11,23,91,,,
505,9,21,82,,,
506,9,21,105,,,
507,11,24,112,,,
508,10,22,84,,,
509,10,22,82,,,
510,11,22,82,,,
511,12,25,85,,,
512,10,22,82,,,
513,11,25,112,,,
514,11,26,92,,,
515,10,22,82,,,
516,10,22,111,,,
517,11,23,84,,,
518,10,24,96,,,
519,11,25,121,,,
520,11,25,87,,,
521,10,22,82,,,
522,11,23,105,,,
523,9,21,82,,,
524,11,22,85,,,
525,10,23,121,,,
526,11,22,112,,,
527,11,23,84,,,
528,10,23,84,,,
529,11,25,126,,,
530,11,23,125,,,
531,11,24,85,,,
532,10,22,84,,,
533,11,22,124,,,
534,11,25,123,,,
535,11,24,129,,,
536,11,1889,3243,,,
537,11,24,94,,,
538,9,21,81,,,
539,12,24,87,,,
540,10,22,116,,,
541,9,20,82,,,
542,10,22,112,,,
543,12,25,85,,,
544,11,24,92,,,
545,10,39,277,,,
546,11,22,113,,,
547,11,22,120,,,
548,10,22,85,,,
549,11,24,85,,,
550,11,22,81,,,
551,11,23,83,,,
552,10,22,112,,,
553,11,585,1031,,,
554,11,22,84,,,
555,10,22,109,,,
556,11,23,85,,,
557,11,24,86,,,
558,9,21,112,,,
559,10,22,118,,,
560,11,22,123,,,
561,10,22,82,,,
562,10,22,82,,,
563,10,23,88,,,
564,9,20,80,,,
565,11,23,86,,,
566,11,24,118,,,
567,12,2248,4204,,,
568,10,24,125,,,
569,10,22,111,,,
570,10,21,82,,,
571,10,21,81,,,
572,9,20,104,,,
573,10,23,84,,,
574,9,20,80,,,
575,10,21,124,,,
576,11,23,82,,,
577,12,23,86,,,
578,12,24,84,,,
579,10,22,83,,,
580,12,25,125,,,
581,14,27,90,,,
582,9,21,117,,,
583,10,22,82,,,
584,11,23,85,,,
585,10,22,82,,,
586,12,24,84,,,
587,10,22,112,,,
588,10,22,85,,,
589,12,24,85,,,
590,10,22,82,,,
591,13,27,107,,,
592,10,22,86,,,
593,10,22,112,,,
594,10,22,106,,,
595,10,22,82,,,
596,10,22,82,,,
597,11,22,83,,,
598,11,23,83,,,
599,11,23,111,,,
600,11,23,91,,,
601,10,23,106,,,
602,10,22,85,,,
603,10,22,110,,,
604,9,21,129,,,
605,11,23,85,,,
606,12,25,87,,,
607,10,21,102,,,
608,10,21,112,,,
609,10,22,82,,,
610,11,25,91,,,
611,9,21,83,,,
612,11,23,85,,,
613,10,23,106,,,
614,11,23,82,,,
615,9,21,81,,,
616,10,22,123,,,
617,12,25,88,,,
618,11,23,85,,,
619,10,21,80,,,
620,12,24,84,,,
621,12,23,99,,,
622,11,23,85,,,
623,11,23,84,,,
624,11,23,83,,,
625,13,26,89,,,
626,11,22,83,,,
627,9,21,81,,,
628,11,23,87,,,
629,10,21,81,,,
630,10,23,85,,,
631,11,23,111,,,
632,11,22,83,,,
633,10,23,88,,,
634,8,19,107,,,
635,10,22,85,,,
636,9,21,122,,,
637,10,22,121,,,
638,10,23,84,,,
639,11,23,110,,,
640,10,22,85,,,
641,11,23,85,,,
642,11,23,83,,,
643,11,22,84,,,
644,10,22,84,,,
645,12,25,93,,,
646,10,21,81,,,
647,11,22,83,,,
648,10,24,106,,,
649,10,22,110,,,
650,10,22,82,,,
651,11,23,135,,,
652,11,22,121,,,
653,9,20,97,,,
654,10,26,96,,,
655,11,24,116,,,
656,11,24,85,,,
657,10,21,112,,,
658,11,22,83,,,
659,11,22,110,,,
660,9,1790,1898,,,
661,11,24,83,,,
662,11,23,85,,,
663,10,21,112,,,
664,11,24,124,,,
665,11,23,85,,,
666,10,22,112,,,
667,10,23,86,,,
668,11,24,111,,,
669,10,22,109,,,
670,10,21,84,,,
671,11,23,85,,,
672,11,23,84,,,
673,12,24,88,,,
674,11,23,85,,,
675,9,21,80,,,
676,10,21,102,,,
677,11,24,88,,,
678,10,22,86,,,
679,9,21,82,,,
680,9,21,81,,,
681,10,22,82,,,
682,11,23,85,,,
683,11,24,85,,,
684,9,21,82,,,
685,11,23,104,,,
686,11,24,83,,,
687,11,22,81,,,
688,12,24,120,,,
689,11,24,86,,,
690,11,46,147,,,
691,10,22,84,,,
692,10,23,113,,,
693,11,22,119,,,
694,10,23,87,,,
695,9,21,84,,,
696,9,22,85,,,
697,11,1136,1239,,,
698,10,22,83,,,
699,9,22,83,,,
700,10,22,83,,,
701,11,23,83,,,
702,10,21,111,,,
703,10,22,81,,,
704,10,23,85,,,
705,11,22,83,,,
706,10,22,118,,,
707,11,22,83,,,
708,9,21,103,,,
709,11,22,82,,,
710,11,22,84,,,
711,11,22,84,,,
712,11,22,85,,,
713,9,21,83,,,
714,10,22,83,,,
715,10,22,84,,,
716,9,22,82,,,
717,11,23,83,,,
718,10,21,84,,,
719,11,23,83,,,
720,10,22,121,,,
721,11,23,85,,,
722,10,23,130,,,
723,11,23,84,,,
724,9,21,89,,,
725,11,23,98,,,
726,11,23,116,,,
727,9,21,110,,,
728,11,23,84,,,
729,11,23,86,,,
730,10,22,111,,,
731,10,22,113,,,
732,11,23,83,,,
733,11,23,105,,,
734,9,20,80,,,
735,11,24,86,,,
736,10,22,116,,,
737,11,23,84,,,
738,10,23,85,,,
739,10,22,106,,,
740,11,1302,1410,,,
741,10,22,83,,,
742,11,23,85,,,
743,9,21,104,,,
744,9,21,126,,,
745,12,23,83,,,
746,11,24,120,,,
747,14,27,94,,,
748,9,22,104,,,
749,11,23,104,,,
750,11,26,89,,,
751,10,21,81,,,
752,10,23,658,,,
753,11,23,120,,,
754,11,23,83,,,
755,9,21,103,,,
756,9,21,125,,,
757,9,21,94,,,
758,10,22,82,,,
759,11,24,90,,,
760,13,25,88,,,
761,11,23,114,,,
762,11,23,84,,,
763,10,23,86,,,
764,9,21,82,,,
765,11,23,123,,,
766,9,20,113,,,
767,11,24,112,,,
768,18,244,349,,,
769,11,22,84,,,
770,10,22,84,,,
771,13,26,112,,,
772,11,22,81,,,
773,11,27,103,,,
774,10,22,85,,,
775,10,22,84,,,
776,10,22,83,,,
777,10,21,80,,,
778,12,24,110,,,
779,9,21,113,,,
780,11,24,109,,,
781,11,23,122,,,
782,11,23,83,,,
783,9,21,104,,,
784,10,22,84,,,
785,9,21,128,,,
786,10,23,86,,,
787,11,22,84,,,
788,11,23,85,,,
789,11,656,1104,,,
790,10,21,123,,,
791,10,22,82,,,
792,9,20,84,,,
793,11,22,83,,,
794,10,22,101,,,
795,11,23,84,,,
796,11,23,106,,,
797,10,22,105,,,
798,9,21,85,,,
799,11,23,85,,,
800,11,24,86,,,
801,12,24,112,,,
802,11,23,104,,,
803,10,22,84,,,
804,10,21,82,,,
805,11,24,84,,,
806,10,22,85,,,
807,9,21,121,,,
808,10,23,83,,,
809,10,334,438,,,
810,9,21,105,,,
811,12,24,110,,,
812,10,22,104,,,
813,11,1388,2620,,,
814,11,22,119,,,
815,11,23,85,,,
816,10,22,79,,,
817,11,23,108,,,
818,11,22,82,,,
819,10,21,84,,,
820,11,24,87,,,
821,9,20,105,,,
822,10,22,85,,,
823,12,26,116,,,
824,10,23,85,,,
825,11,23,83,,,
826,10,21,83,,,
827,10,22,84,,,
828,11,23,87,,,
829,11,23,109,,,
830,12,24,86,,,
831,11,24,118,,,
832,11,23,84,,,
833,10,22,109,,,
834,11,22,108,,,
835,11,22,81,,,
836,10,22,85,,,
837,11,23,121,,,
838,13,26,87,,,
839,10,22,83,,,
840,11,24,128,,,
841,10,22,110,,,
842,10,21,120,,,
843,9,21,118,,,
844,11,1824,2998,,,
845,10,22,104,,,
846,11,22,135,,,
847,10,24,92,,,
848,12,26,90,,,
849,11,23,88,,,
850,10,22,84,,,
851,9,21,81,,,
852,11,23,84,,,
853,11,23,84,,,
854,10,22,119,,,
855,10,21,83,,,
856,11,23,115,,,
857,10,21,119,,,
858,10,23,117,,,
859,10,22,109,,,
860,9,21,116,,,
861,11,23,120,,,
862,9,21,104,,,
863,11,22,81,,,
864,10,21,119,,,
865,11,23,86,,,
866,11,22,85,,,
867,11,24,95,,,
868,10,22,83,,,
869,10,21,82,,,
870,11,23,114,,,
871,10,22,83,,,
872,10,22,117,,,
873,10,21,84,,,
874,11,23,83,,,
875,9,21,108,,,
876,10,508,612,,,
877,11,23,86,,,
878,9,22,85,,,
879,9,21,84,,,
880,11,22,103,,,
881,10,21,83,,,
882,10,22,86,,,
883,12,24,87,,,
884,10,22,82,,,
885,10,21,84,,,
886,11,529,637,,,
887,10,22,82,,,
888,10,21,85,,,
889,12,25,91,,,
890,10,21,81,,,
891,10,22,85,,,
892,10,22,86,,,
893,11,23,85,,,
894,11,24,87,,,
895,10,21,83,,,
896,9,21,117,,,
897,11,24,84,,,
898,11,24,86,,,
899,10,22,82,,,
900,11,22,84,,,
901,10,22,119,,,
902,10,22,86,,,
903,11,22,138,,,
904,10,22,83,,,
905,9,21,80,,,
906,10,23,83,,,
907,10,22,83,,,
908,10,22,82,,,
909,12,23,85,,,
910,9,21,81,,,
911,10,1661,1769,,,
912,11,1490,1599,,,
913,13,26,87,,,
914,17,272,373,,,
915,12,23,85,,,
916,11,22,81,,,
917,10,22,82,,,
918,11,23,112,,,
919,10,22,83,,,
920,10,23,86,,,
921,11,22,119,,,
922,10,21,82,,,
923,10,21,126,,,
924,10,24,112,,,
925,11,23,84,,,
926,10,21,117,,,
927,10,21,117,,,
928,11,23,115,,,
929,10,22,112,,,
930,11,24,86,,,
931,9,22,83,,,
932,11,22,82,,,
933,9,21,83,,,
934,10,22,84,,,
935,11,23,111,,,
936,11,23,304,,,
937,10,21,83,,,
938,10,22,107,,,
939,11,22,123,,,
940,11,22,106,,,
941,10,22,82,,,
942,11,25,791,,,
943,9,20,80,,,
944,11,23,104,,,
945,11,23,86,,,
946,11,24,85,,,
947,9,21,81,,,
948,11,23,85,,,
949,11,24,85,,,
950,12,24,470,,,
951,11,22,121,,,
952,11,24,85,,,
953,10,24,92,,,
954,13,26,91,,,
955,10,22,85,,,
956,11,22,86,,,
957,10,22,103,,,
958,12,24,108,,,
959,10,22,85,,,
960,9,21,101,,,
961,9,21,84,,,
962,11,23,100,,,
963,10,22,118,,,
964,11,22,108,,,
965,10,21,83,,,
966,10,22,81,,,
967,11,22,92,,,
968,11,23,83,,,
969,11,22,111,,,
970,11,23,86,,,
971,11,22,82,,,
972,11,22,85,,,
973,9,21,129,,,
974,10,21,81,,,
975,10,22,83,,,
976,11,22,89,,,
977,9,21,82,,,
978,11,23,117,,,
979,11,22,83,,,
980,11,23,119,,,
981,11,24,86,,,
982,10,23,110,,,
983,11,23,84,,,
984,11,24,86,,,
985,11,24,85,,,
986,11,22,84,,,
987,11,24,85,,,
988,10,22,103,,,
989,12,25,117,,,
990,10,22,84,,,
991,10,22,131,,,
992,13,762,1484,,,
993,11,23,85,,,
994,10,316,426,,,
995,15,28,98,,,
996,10,23,87,,,
997,10,23,84,,,
998,11,22,84,,,
999,9,21,82,,,
1000,10,23,85,,,
1001,11,23,82,,,
1002,10,22,84,,,
1003,10,22,118,,,
1004,11,23,87,,,
1005,11,24,83,,,
1006,8,19,78,,,
1007,11,22,83,,,
1008,11,24,86,,,
1009,11,22,84,,,
1010,11,27,120,,,
1011,9,21,81,,,
1012,12,737,1342,,,
1013,9,20,115,,,
1014,11,22,86,,,
1015,11,23,85,,,
1016,9,21,84,,,
1017,11,25,125,,,
1018,12,25,94,,,
1019,10,22,83,,,
1020,10,22,106,,,
1021,11,23,84,,,
1022,10,22,85,,,
1023,10,23,87,,,
1024,11,24,86,,,
1025,11,23,111,,,
1026,10,22,82,,,
1027,11,23,85,,,
1028,11,23,658,,,
1029,10,22,84,,,
1030,10,21,82,,,
1031,10,22,83,,,
1032,9,22,115,,,
1033,11,24,85,,,
1034,11,23,84,,,
1035,10,22,122,,,
1036,11,22,83,,,
1037,12,24,104,,,
1038,10,23,84,,,
1039,11,22,118,,,
1040,11,24,127,,,
1041,11,22,99,,,
1042,11,22,81,,,
1043,9,21,115,,,
1044,11,23,83,,,
1045,10,21,118,,,
1046,11,1595,2744,,,
1047,10,22,128,,,
1048,10,22,108,,,
1049,10,23,121,,,
1050,11,23,613,,,
1051,10,21,84,,,
1052,10,23,84,,,
1053,10,22,81,,,
1054,11,24,85,,,
1055,12,24,86,,,
1056,10,22,82,,,
1057,10,22,83,,,
1058,9,20,118,,,
1059,11,23,115,,,
1060,10,24,86,,,
1061,11,23,85,,,
1062,11,22,114,,,
1063,11,23,81,,,
1064,10,22,82,,,
1065,11,22,83,,,
1066,11,23,83,,,
1067,11,23,109,,,
1068,9,23,85,,,
1069,11,24,103,,,
1070,11,22,85,,,
1071,11,24,91,,,
1072,11,23,94,,,
1073,11,23,109,,,
1074,11,23,127,,,
1075,9,21,116,,,
1076,11,23,84,,,
1077,11,24,86,,,
1078,11,23,83,,,
1079,10,22,83,,,
1080,11,24,85,,,
1081,10,22,82,,,
1082,11,22,82,,,
1083,9,22,121,,,
1084,10,22,83,,,
1085,11,22,84,,,
1086,10,22,121,,,
1087,11,22,85,,,
1088,10,22,83,,,
1089,10,22,84,,,
1090,11,23,118,,,
1091,11,2171,3914,,,
1092,11,24,86,,,
1093,11,23,84,,,
1094,11,23,85,,,
1095,11,23,85,,,
1096,10,22,104,,,
1097,10,21,105,,,
1098,10,21,101,,,
1099,11,23,84,,,
1100,10,22,82,,,
1101,10,21,83,,,
1102,9,21,112,,,
1103,11,23,84,,,
1104,9,21,83,,,
1105,10,22,82,,,
1106,10,23,126,,,
1107,14,28,125,,,
1108,11,22,119,,,
1109,11,685,1640,,,
1110,9,21,82,,,
1111,10,22,84,,,
1112,19,248,353,,,
1113,10,22,86,,,
1114,10,22,82,,,
1115,10,22,106,,,
1116,11,24,105,,,
1117,9,20,80,,,
1118,10,22,83,,,
1119,11,46,174,,,
1120,10,511,615,,,
1121,12,24,87,,,
1122,11,23,83,,,
1123,10,22,84,,,
1124,11,23,83,,,
1125,10,21,98,,,
1126,10,22,84,,,
1127,11,23,83,,,
1128,10,22,127,,,
1129,11,23,122,,,
1130,13,1046,1154,,,
1131,11,22,109,,,
1132,11,23,84,,,
1133,10,21,107,,,
1134,9,21,80,,,
1135,12,24,83,,,
1136,9,21,82,,,
1137,11,23,84,,,
1138,11,23,87,,,
1139,11,23,104,,,
1140,11,22,101,,,
1141,11,23,86,,,
1142,10,23,85,,,
1143,11,23,141,,,
1144,10,21,82,,,
1145,13,25,119,,,
1146,10,21,81,,,
1147,10,21,84,,,
1148,11,25,120,,,
1149,9,21,81,,,
1150,10,21,119,,,
1151,10,23,84,,,
1152,11,23,117,,,
1153,10,22,117,,,
1154,12,23,85,,,
1155,10,24,88,,,
1156,11,22,84,,,
1157,11,24,86,,,
1158,11,22,113,,,
1159,9,21,83,,,
1160,9,21,82,,,
1161,11,177,287,,,
1162,10,23,87,,,
1163,10,21,105,,,
1164,10,21,113,,,
1165,11,25,92,,,
1166,10,22,82,,,
1167,10,22,84,,,
1168,10,21,80,,,
1169,11,23,83,,,
1170,10,23,83,,,
1171,10,22,82,,,
1172,9,21,105,,,
1173,11,744,847,,,
1174,10,21,82,,,
1175,10,22,75,,,
1176,10,21,85,,,
1177,11,24,86,,,
1178,11,23,85,,,
1179,11,23,83,,,
1180,10,22,128,,,
1181,11,22,107,,,
1182,9,21,81,,,
1183,10,21,83,,,
1184,9,21,80,,,
1185,13,25,118,,,
1186,10,21,110,,,
1187,11,1227,1329,,,
1188,10,22,85,,,
1189,10,46,131,,,
1190,9,22,84,,,
1191,9,21,83,,,
1192,14,227,327,,,
1193,10,21,81,,,
1194,9,20,120,,,
1195,8,20,253,,,
1196,10,22,85,,,
1197,14,364,468,,,
1198,10,22,630,,,
1199,11,23,108,,,
1200,11,22,82,,,
1201,10,23,121,,,
1202,10,21,82,,,
1203,10,22,84,,,
1204,9,21,82,,,
1205,12,24,113,,,
1206,11,23,115,,,
1207,11,1040,1148,,,
1208,10,22,85,,,
1209,9,21,82,,,
1210,10,22,84,,,
1211,11,23,84,,,
1212,10,21,125,,,
1213,11,23,83,,,
1214,9,20,104,,,
1215,10,22,125,,,
1216,11,24,85,,,
1217,11,25,91,,,
1218,11,23,88,,,
1219,11,23,107,,,
1220,11,23,83,,,
1221,9,22,86,,,
1222,10,23,134,,,
1223,9,20,103,,,
1224,10,22,106,,,
1225,11,23,84,,,
1226,10,22,83,,,
1227,9,21,110,,,
1228,11,22,82,,,
1229,10,21,82,,,
1230,10,22,119,,,
1231,10,22,85,,,
1232,11,23,115,,,
1233,11,23,112,,,
1234,11,24,87,,,
1235,9,21,82,,,
1236,11,23,83,,,
1237,10,22,84,,,
1238,10,547,652,,,
1239,10,22,84,,,
1240,10,22,121,,,
1241,9,21,222,,,
1242,9,22,113,,,
1243,10,23,84,,,
1244,10,22,83,,,
1245,11,23,83,,,
1246,10,21,84,,,
1247,11,23,123,,,
1248,11,24,125,,,
1249,10,20,82,,,
1250,10,23,83,,,
1251,10,23,89,,,
1252,11,25,88,,,
1253,11,23,85,,,
1254,11,22,113,,,
1255,10,22,124,,,
1256,11,23,84,,,
1257,11,23,128,,,
1258,11,22,109,,,
1259,10,22,108,,,
1260,11,24,108,,,
1261,9,21,104,,,
1262,10,22,121,,,
1263,10,22,84,,,
1264,10,22,108,,,
1265,11,23,85,,,
1266,10,22,84,,,
1267,12,23,83,,,
1268,9,22,83,,,
1269,10,22,85,,,
1270,10,22,84,,,
1271,11,24,86,,,
1272,10,22,86,,,
1273,11,23,86,,,
1274,12,24,113,,,
1275,11,24,84,,,
1276,10,22,122,,,
1277,11,22,101,,,
1278,10,22,81,,,
1279,10,22,83,,,
1280,9,21,225,,,
1281,11,23,127,,,
1282,10,22,84,,,
1283,11,24,88,,,
1284,10,22,81,,,
1285,10,21,118,,,
1286,11,23,653,,,
1287,9,22,123,,,
1288,10,22,106,,,
1289,10,499,616,,,
1290,9,23,85,,,
1291,10,23,84,,,
1292,10,22,82,,,
1293,11,23,99,,,
1294,10,22,111,,,
1295,9,21,83,,,
1296,11,23,84,,,
1297,10,22,83,,,
1298,11,23,84,,,
1299,10,22,83,,,
1300,9,22,85,,,
1301,11,24,89,,,
1302,10,22,84,,,
1303,10,22,108,,,
1304,9,20,82,,,
1305,11,24,85,,,
1306,13,26,118,,,
1307,11,23,109,,,
1308,11,23,87,,,
1309,10,22,85,,,
1310,11,22,84,,,
1311,9,21,84,,,
1312,11,24,85,,,
1313,11,22,115,,,
1314,10,21,117,,,
1315,10,23,85,,,
1316,11,23,84,,,
1317,10,22,86,,,
1318,11,23,84,,,
1319,10,22,83,,,
1320,10,22,99,,,
1321,11,23,84,,,
1322,10,22,83,,,
1323,10,22,119,,,
1324,12,23,84,,,
1325,11,22,84,,,
1326,11,23,118,,,
1327,9,472,574,,,
1328,10,1537,1642,,,
1329,11,23,83,,,
1330,10,22,82,,,
1331,10,23,85,,,
1332,9,21,84,,,
1333,12,22,85,,,
1334,10,21,109,,,
1335,9,21,82,,,
1336,9,21,110,,,
1337,11,22,110,,,
1338,11,24,344,,,
1339,11,24,114,,,
1340,11,23,84,,,
1341,11,22,85,,,
1342,10,22,108,,,
1343,11,24,86,,,
1344,10,22,108,,,
1345,12,25,89,,,
1346,11,22,104,,,
1347,10,23,87,,,
1348,10,21,78,,,
1349,11,23,120,,,
1350,11,22,83,,,
1351,10,21,81,,,
1352,11,23,85,,,
1353,12,25,675,,,
1354,11,23,86,,,
1355,10,22,83,,,
1356,10,22,123,,,
1357,10,21,105,,,
1358,11,23,84,,,
1359,11,23,86,,,
1360,10,21,83,,,
1361,10,21,82,,,
1362,11,23,106,,,
1363,11,23,84,,,
1364,10,25,115,,,
1365,11,23,85,,,
1366,11,22,109,,,
1367,10,24,85,,,
1368,10,22,82,,,
1369,11,26,89,,,
1370,10,22,85,,,
1371,10,22,110,,,
1372,10,22,86,,,
1373,9,21,84,,,
1374,9,20,80,,,
1375,10,22,83,,,
1376,11,23,96,,,
1377,11,24,85,,,
1378,11,23,117,,,
1379,11,24,85,,,
1380,11,22,83,,,
1381,11,23,85,,,
1382,11,22,107,,,
1383,11,23,117,,,
1384,11,22,84,,,
1385,10,22,84,,,
1386,11,23,102,,,
1387,11,23,111,,,
1388,11,23,110,,,
1389,11,1755,1863,,,
1390,10,22,85,,,
1391,11,23,94,,,
1392,10,1364,2487,,,
1393,13,698,1141,,,
1394,12,24,86,,,
1395,11,22,99,,,
1396,10,22,85,,,
1397,10,21,82,,,
1398,11,23,85,,,
1399,10,21,81,,,
1400,11,24,85,,,
1401,9,22,133,,,
1402,11,22,83,,,
1403,11,23,86,,,
1404,11,24,85,,,
1405,9,21,82,,,
1406,10,22,83,,,
1407,10,22,84,,,
1408,9,21,111,,,
1409,12,24,84,,,
1410,10,22,86,,,
1411,11,22,117,,,
1412,11,23,121,,,
1413,9,21,83,,,
1414,11,23,83,,,
1415,11,23,85,,,
1416,10,22,114,,,
1417,10,22,84,,,
1418,12,1262,1370,,,
1419,10,22,103,,,
1420,9,21,117,,,
1421,11,23,84,,,
1422,11,23,120,,,
1423,12,25,113,,,
1424,11,22,82,,,
1425,10,23,113,,,
1426,11,22,82,,,
1427,10,22,84,,,
1428,11,23,87,,,
1429,10,22,95,,,
1430,10,23,85,,,
1431,10,22,81,,,
1432,10,22,88,,,
1433,13,25,86,,,
1434,11,22,127,,,
1435,10,24,85,,,
1436,11,23,93,,,
1437,11,22,84,,,
1438,9,21,110,,,
1439,11,23,87,,,
1440,9,21,84,,,
1441,11,22,84,,,
1442,10,22,126,,,
1443,10,22,82,,,
1444,11,23,84,,,
1445,11,23,86,,,
1446,11,23,126,,,
1447,11,23,83,,,
1448,10,22,118,,,
1449,10,21,81,,,
1450,11,23,101,,,
1451,11,23,86,,,
1452,11,22,127,,,
1453,11,23,126,,,
1454,10,23,657,,,
1455,12,24,87,,,
1456,11,22,85,,,
1457,11,23,84,,,
1458,10,22,116,,,
1459,11,531,635,,,
1460,10,21,105,,,
1461,11,22,85,,,
1462,10,22,81,,,
1463,9,21,102,,,
1464,11,2442,3729,,,
1465,10,22,85,,,
1466,11,23,88,,,
1467,10,22,125,,,
1468,10,24,87,,,
1469,11,23,85,,,
1470,10,22,118,,,
1471,9,21,84,,,
1472,11,22,82,,,
1473,9,22,686,,,
1474,11,23,83,,,
1475,10,21,96,,,
1476,11,23,89,,,
1477,11,22,106,,,
1478,10,22,85,,,
1479,9,21,82,,,
1480,11,1260,2409,,,
1481,8,20,81,,,
1482,10,23,110,,,
1483,12,23,125,,,
1484,11,23,83,,,
1485,10,22,82,,,
1486,10,22,83,,,
1487,9,21,83,,,
1488,11,23,83,,,
1489,11,23,84,,,
1490,9,460,728,,,
1491,9,21,83,,,
1492,11,23,548,,,
1493,12,25,110,,,
1494,10,2160,2276,,,
1495,12,24,83,,,
1496,12,24,83,,,
1497,9,21,109,,,
1498,10,22,83,,,
1499,11,22,84,,,
1500,11,23,86,,,
1501,12,25,85,,,
1502,12,24,107,,,
1503,11,23,85,,,
1504,11,23,83,,,
1505,10,23,84,,,
1506,10,22,131,,,
1507,11,24,78,,,
1508,10,22,554,,,
1509,11,23,83,,,
1510,10,22,82,,,
1511,12,24,111,,,
1512,9,20,81,,,
1513,9,21,81,,,
1514,10,22,84,,,
1515,10,21,121,,,
1516,9,22,85,,,
1517,11,23,83,,,
1518,9,20,83,,,
1519,10,22,111,,,
1520,9,21,137,,,
1521,10,21,82,,,
1522,10,920,1815,,,
1523,11,23,121,,,
1524,10,23,85,,,
1525,11,22,112,,,
1526,10,23,83,,,
1527,10,22,84,,,
1528,11,23,86,,,
1529,10,22,82,,,
1530,11,24,97,,,
1531,10,21,121,,,
1532,10,22,86,,,
1533,12,24,86,,,
1534,11,22,127,,,
1535,11,23,122,,,
1536,11,22,117,,,
1537,11,23,82,,,
1538,10,23,112,,,
1539,10,23,117,,,
1540,9,21,83,,,
1541,10,262,370,,,
1542,11,23,82,,,
1543,10,21,82,,,
1544,11,24,113,,,
1545,11,24,108,,,
1546,12,26,119,,,
1547,14,1812,1921,,,
1548,11,22,106,,,
1549,10,22,82,,,
1550,11,23,106,,,
1551,10,21,83,,,
1552,10,22,81,,,
1553,12,25,87,,,
1554,10,23,84,,,
1555,11,22,83,,,
1556,10,22,86,,,
1557,11,22,84,,,
1558,10,23,86,,,
1559,11,23,83,,,
1560,10,22,83,,,
1561,10,21,81,,,
1562,9,21,133,,,
1563,9,21,81,,,
1564,11,22,82,,,
1565,11,22,115,,,
1566,10,21,82,,,
1567,11,23,83,,,
1568,11,22,83,,,
1569,11,23,114,,,
1570,9,21,109,,,
1571,11,23,87,,,
1572,10,22,104,,,
1573,10,22,83,,,
1574,11,24,91,,,
1575,10,22,98,,,
1576,12,24,84,,,
1577,11,23,84,,,
1578,10,22,80,,,
1579,10,22,89,,,
1580,10,24,87,,,
1581,10,23,109,,,
1582,9,22,122,,,
1583,10,22,118,,,
1584,10,22,84,,,
1585,11,23,86,,,
1586,11,25,87,,,
1587,11,23,104,,,
1588,11,23,99,,,
1589,9,21,109,,,
1590,10,22,83,,,
1591,11,23,84,,,
1592,11,22,116,,,
1593,14,531,639,,,
1594,9,22,110,,,
1595,11,24,85,,,
1596,11,23,84,,,
1597,11,24,87,,,
1598,11,24,84,,,
1599,9,21,82,,,
1600,9,22,86,,,
1601,10,21,120,,,
1602,11,24,115,,,
1603,11,22,85,,,
1604,11,2091,3742,,,
1605,10,23,84,,,
1606,11,23,84,,,
1607,11,23,84,,,
1608,11,23,87,,,
1609,11,23,109,,,
1610,10,21,103,,,
1611,11,24,123,,,
1612,9,21,81,,,
1613,11,23,83,,,
1614,10,22,83,,,
1615,11,23,85,,,
1616,10,22,80,,,
1617,12,23,84,,,
1618,10,22,84,,,
1619,10,22,82,,,
1620,11,23,85,,,
1621,11,1702,1810,,,
1622,9,21,83,,,
1623,11,22,81,,,
1624,10,22,84,,,
1625,10,21,82,,,
1626,9,20,82,,,
1627,11,23,85,,,
1628,11,2208,3649,,,
1629,12,25,90,,,
1630,10,22,109,,,
1631,10,22,82,,,
1632,11,24,124,,,
1633,10,22,85,,,
1634,9,21,133,,,
1635,10,21,83,,,
1636,10,22,88,,,
1637,10,22,82,,,
1638,11,23,162,,,
1639,10,21,82,,,
1640,11,23,83,,,
1641,11,23,83,,,
1642,10,22,123,,,
1643,9,21,81,,,
1644,11,24,116,,,
1645,11,22,110,,,
1646,11,23,108,,,
1647,10,1776,1884,,,
1648,10,21,84,,,
1649,10,22,106,,,
1650,11,22,82,,,
1651,10,23,83,,,
1652,11,23,83,,,
1653,11,22,86,,,
1654,10,22,104,,,
1655,10,22,84,,,
1656,9,21,82,,,
1657,11,22,83,,,
1658,11,24,114,,,
1659,10,2310,2426,,,
1660,12,24,83,,,
1661,11,23,113,,,
1662,10,22,137,,,
1663,11,1168,2482,,,
1664,10,1145,2046,,,
1665,13,25,87,,,
1666,11,23,84,,,
1667,11,25,114,,,
1668,12,24,85,,,
1669,11,24,85,,,
1670,11,25,112,,,
1671,10,22,83,,,
1672,11,22,82,,,
1673,10,22,99,,,
1674,16,1511,1615,,,
1675,12,24,122,,,
1676,10,22,104,,,
1677,11,22,84,,,
1678,11,23,85,,,
1679,9,21,82,,,
1680,11,24,86,,,
1681,10,22,118,,,
1682,10,21,83,,,
1683,10,21,112,,,
1684,10,23,87,,,
1685,10,22,84,,,
1686,10,22,83,,,
1687,10,22,106,,,
1688,10,21,83,,,
1689,10,23,87,,,
1690,10,23,84,,,
1691,10,22,83,,,
1692,10,23,86,,,
1693,12,25,118,,,
1694,10,21,107,,,
1695,10,22,103,,,
1696,11,22,122,,,
1697,11,23,85,,,
1698,9,21,81,,,
1699,11,22,81,,,
1700,11,22,83,,,
1701,11,23,85,,,
1702,10,22,109,,,
1703,11,23,82,,,
1704,11,24,86,,,
1705,9,22,84,,,
1706,11,24,87,,,
1707,11,22,83,,,
1708,12,24,115,,,
1709,12,24,85,,,
1710,10,22,83,,,
1711,11,24,107,,,
1712,10,22,82,,,
1713,12,25,110,,,
1714,11,23,84,,,
1715,11,24,86,,,
1716,11,23,84,,,
1717,9,21,111,,,
1718,10,21,81,,,
1719,11,22,120,,,
1720,11,22,82,,,
1721,10,152,257,,,
1722,11,23,119,,,
1723,11,24,86,,,
1724,9,21,113,,,
1725,11,23,84,,,
1726,11,24,86,,,
1727,11,23,121,,,
1728,11,1626,1734,,,
1729,11,23,86,,,
1730,10,22,84,,,
1731,10,22,103,,,
1732,11,25,89,,,
1733,15,870,978,,,
1734,11,24,106,,,
1735,11,1465,2774,,,
1736,10,23,83,,,
1737,10,22,122,,,
1738,10,22,124,,,
1739,11,23,86,,,
1740,10,21,110,,,
1741,10,22,83,,,
1742,9,21,84,,,
1743,9,22,84,,,
1744,10,21,82,,,
1745,11,24,85,,,
1746,11,24,99,,,
1747,11,23,84,,,
1748,11,24,120,,,
1749,10,24,87,,,
1750,10,23,84,,,
1751,9,21,81,,,
1752,10,23,83,,,
1753,10,21,110,,,
1754,12,24,604,,,
1755,10,24,109,,,
1756,9,20,80,,,
1757,10,21,82,,,
1758,10,22,84,,,
1759,9,21,113,,,
1760,11,22,84,,,
1761,9,21,108,,,
1762,9,21,113,,,
1763,11,23,85,,,
1764,10,22,85,,,
1765,11,22,119,,,
1766,11,227,331,,,
1767,9,21,103,,,
1768,11,24,96,,,
1769,11,22,120,,,
1770,11,24,88,,,
1771,10,24,114,,,
1772,10,22,83,,,
1773,12,24,84,,,
1774,11,23,107,,,
1775,10,22,83,,,
1776,11,23,105,,,
1777,11,23,83,,,
1778,11,24,88,,,
1779,10,23,108,,,
1780,10,22,80,,,
1781,11,24,105,,,
1782,10,24,106,,,
1783,12,24,84,,,
1784,11,23,86,,,
1785,11,23,84,,,
1786,10,22,85,,,
1787,10,22,85,,,
1788,10,22,109,,,
1789,10,21,82,,,
1790,10,22,117,,,
1791,10,21,121,,,
1792,10,22,84,,,
1793,10,22,84,,,
1794,11,24,85,,,
1795,10,22,108,,,
1796,11,23,78,,,
1797,10,22,85,,,
1798,11,22,105,,,
1799,10,21,83,,,
1800,8,20,82,,,
1801,11,23,107,,,
1802,11,23,126,,,
1803,10,23,83,,,
1804,10,22,85,,,
1805,10,22,117,,,
1806,11,23,113,,,
1807,10,22,82,,,
1808,11,490,599,,,
1809,10,23,87,,,
1810,9,21,82,,,
1811,9,20,80,,,
1812,10,21,83,,,
1813,10,22,84,,,
1814,11,23,84,,,
1815,10,2153,3709,,,
1816,10,22,84,,,
1817,12,24,84,,,
1818,11,23,85,,,
1819,10,22,84,,,
1820,11,22,109,,,
1821,11,24,173,,,
1822,11,22,83,,,
1823,11,24,85,,,
1824,11,22,82,,,
1825,10,22,126,,,
1826,11,23,122,,,
1827,11,22,83,,,
1828,9,20,81,,,
1829,10,23,85,,,
1830,10,22,103,,,
1831,9,23,85,,,
1832,11,87,190,,,
1833,11,23,88,,,
1834,10,21,84,,,
1835,11,23,85,,,
1836,11,23,83,,,
1837,11,23,121,,,
1838,9,21,82,,,
1839,11,23,84,,,
1840,10,22,113,,,
1841,11,22,127,,,
1842,10,22,83,,,
1843,13,284,387,,,
1844,10,22,118,,,
1845,10,22,87,,,
1846,11,26,89,,,
1847,12,1872,3255,,,
1848,9,20,118,,,
1849,11,23,84,,,
1850,11,23,83,,,
1851,11,23,85,,,
1852,10,22,82,,,
1853,12,1339,2283,,,
1854,11,24,86,,,
1855,12,24,84,,,
1856,11,22,85,,,
1857,9,1939,2046,,,
1858,10,22,118,,,
1859,10,22,83,,,
1860,11,23,84,,,
1861,11,22,108,,,
1862,10,22,82,,,
1863,10,22,106,,,
1864,11,22,85,,,
1865,11,24,85,,,
1866,11,22,109,,,
1867,9,21,82,,,
1868,10,22,106,,,
1869,11,23,111,,,
1870,11,23,84,,,
1871,10,23,85,,,
1872,11,23,112,,,
1873,9,21,111,,,
1874,11,22,85,,,
1875,11,24,88,,,
1876,10,23,124,,,
1877,11,23,83,,,
1878,13,26,117,,,
1879,10,21,84,,,
1880,11,22,84,,,
1881,10,22,84,,,
1882,10,21,81,,,
1883,10,22,83,,,
1884,10,973,1906,,,
1885,10,22,325,,,
1886,11,22,84,,,
1887,9,21,109,,,
1888,10,22,82,,,
1889,11,22,122,,,
1890,11,23,112,,,
1891,10,22,83,,,
1892,11,23,105,,,
1893,11,23,83,,,
1894,12,24,126,,,
1895,12,25,87,,,
1896,11,24,92,,,
1897,14,1444,1548,,,
1898,10,820,929,,,
1899,10,21,115,,,
1900,10,22,101,,,
1901,9,21,106,,,
1902,10,22,82,,,
1903,11,23,84,,,
1904,11,23,84,,,
1905,11,22,84,,,
1906,10,22,84,,,
1907,11,23,85,,,
1908,10,22,84,,,
1909,9,20,105,,,
1910,10,21,105,,,
1911,10,22,83,,,
1912,11,23,84,,,
1913,9,21,84,,,
1914,10,22,108,,,
1915,12,104,213,,,
1916,11,23,128,,,
1917,10,21,82,,,
1918,11,23,87,,,
1919,9,22,82,,,
1920,9,21,82,,,
1921,11,24,86,,,
1922,10,21,85,,,
1923,10,23,102,,,
1924,11,23,82,,,
1925,9,20,83,,,
1926,10,21,81,,,
1927,11,23,96,,,
1928,9,20,128,,,
1929,11,24,84,,,
1930,11,22,110,,,
1931,11,22,82,,,
1932,10,22,105,,,
1933,9,21,82,,,
1934,10,21,81,,,
1935,9,21,82,,,
1936,9,21,81,,,
1937,11,23,86,,,
1938,10,22,84,,,
1939,11,23,86,,,
1940,11,22,123,,,
1941,11,24,90,,,
1942,10,22,83,,,
1943,11,23,115,,,
1944,11,23,86,,,
1945,10,22,82,,,
1946,10,23,105,,,
1947,11,23,84,,,
1948,12,25,86,,,
1949,9,21,82,,,
1950,10,23,83,,,
1951,9,21,82,,,
1952,10,21,122,,,
1953,9,20,109,,,
1954,11,23,243,,,
1955,11,23,112,,,
1956,9,21,81,,,
1957,11,25,88,,,
1958,10,21,84,,,
1959,11,22,84,,,
1960,10,21,81,,,
1961,9,22,127,,,
1962,10,21,81,,,
1963,9,20,82,,,
1964,10,21,81,,,
1965,11,23,108,,,
1966,11,23,84,,,
1967,11,23,131,,,
1968,11,23,119,,,
1969,10,21,84,,,
1970,10,23,90,,,
1971,10,21,108,,,
1972,10,21,83,,,
1973,10,22,116,,,
1974,10,22,84,,,
1975,9,21,84,,,
1976,10,21,82,,,
1977,11,22,241,,,
1978,11,22,83,,,
1979,9,22,82,,,
1980,10,22,82,,,
1981,9,20,105,,,
1982,11,2484,2600,,,
1983,10,21,83,,,
1984,11,23,86,,,
1985,10,22,119,,,
1986,10,22,84,,,
1987,10,21,105,,,
1988,9,21,82,,,
1989,11,22,107,,,
1990,10,22,83,,,
1991,9,24,86,,,
1992,11,22,85,,,
1993,11,22,92,,,
1994,9,21,83,,,
1995,11,24,119,,,
1996,10,23,107,,,
1997,10,638,746,,,
1998,11,22,111,,,
1999,11,22,86,,,
2000,13,25,125,,,
2001,10,21,126,,,
2002,10,21,85,,,
2003,11,24,86,,,
2004,9,22,86,,,
2005,12,24,127,,,
2006,11,24,85,,,
2007,11,22,84,,,
2008,11,23,103,,,
2009,12,24,84,,,
2010,11,528,794,,,
2011,12,1360,2468,,,
2012,11,24,85,,,
2013,9,21,111,,,
2014,10,22,102,,,
2015,9,21,82,,,
2016,10,188,289,,,
2017,10,22,108,,,
2018,12,24,87,,,
2019,10,21,108,,,
2020,10,23,122,,,
2021,11,23,83,,,
2022,9,1334,2103,,,
2023,10,23,94,,,
2024,9,20,113,,,
2025,10,22,84,,,
2026,12,1893,3216,,,
2027,12,25,91,,,
2028,11,25,93,,,
2029,9,21,83,,,
2030,14,179,284,,,
2031,11,24,141,,,
2032,11,23,87,,,
2033,11,24,87,,,
2034,10,23,90,,,
2035,11,23,84,,,
2036,9,20,124,,,
2037,11,22,105,,,
2038,11,23,84,,,
2039,12,24,81,,,
2040,12,23,84,,,
2041,9,20,108,,,
2042,9,21,82,,,
2043,10,94,202,,,
2044,10,22,84,,,
2045,11,23,84,,,
2046,10,22,85,,,
2047,12,23,102,,,
2048,10,22,105,,,
2049,10,23,87,,,
2050,9,21,127,,,
2051,10,23,93,,,
2052,10,24,85,,,
2053,9,22,114,,,
2054,9,493,804,,,
2055,9,20,97,,,
2056,11,22,122,,,
2057,12,25,87,,,
2058,11,22,83,,,
2059,10,22,104,,,
2060,10,23,105,,,
2061,12,25,87,,,
2062,10,22,83,,,
2063,10,21,109,,,
2064,11,22,115,,,
2065,10,22,82,,,
2066,9,21,81,,,
2067,11,25,88,,,
2068,10,22,115,,,
2069,9,21,83,,,
2070,12,2493,2617,,,
2071,11,25,97,,,
2072,9,21,83,,,
2073,10,22,84,,,
2074,11,23,118,,,
2075,11,23,113,,,
2076,10,22,84,,,
2077,10,22,83,,,
2078,11,23,121,,,
2079,9,22,85,,,
2080,10,23,83,,,
2081,11,23,83,,,
2082,10,22,109,,,
2083,10,22,84,,,
2084,11,23,83,,,
2085,10,22,86,,,
2086,14,1532,2482,,,
2087,10,21,83,,,
2088,11,23,98,,,
2089,10,348,451,,,
2090,11,23,89,,,
2091,10,22,106,,,
2092,10,22,116,,,
2093,9,21,109,,,
2094,11,22,117,,,
2095,11,23,83,,,
2096,10,22,82,,,
2097,12,2446,4434,,,
2098,10,22,83,,,
2099,9,21,121,,,
2100,10,21,107,,,
2101,9,22,114,,,
2102,10,22,82,,,
2103,11,24,118,,,
2104,11,22,84,,,
2105,9,20,84,,,
2106,10,22,83,,,
2107,11,23,84,,,
2108,11,23,87,,,
2109,10,22,116,,,
2110,9,21,85,,,
2111,11,23,110,,,
2112,10,21,107,,,
2113,11,23,123,,,
2114,11,23,87,,,
2115,10,22,103,,,
2116,10,23,83,,,
2117,11,24,86,,,
2118,11,22,123,,,
2119,10,21,84,,,
2120,10,22,82,,,
2121,10,23,84,,,
2122,10,24,89,,,
2123,9,21,83,,,
2124,10,22,83,,,
2125,10,22,83,,,
2126,11,23,84,,,
2127,12,24,85,,,
2128,10,22,116,,,
2129,9,20,111,,,
2130,10,22,112,,,
2131,11,23,106,,,
2132,11,23,105,,,
2133,10,21,81,,,
2134,9,21,81,,,
2135,11,23,85,,,
2136,11,24,87,,,
2137,10,22,111,,,
2138,11,22,107,,,
2139,9,347,451,,,
2140,11,22,110,,,
2141,10,22,82,,,
2142,10,22,83,,,
2143,10,22,83,,,
2144,9,20,116,,,
2145,12,24,87,,,
2146,10,22,81,,,
2147,10,23,83,,,
2148,11,23,84,,,
2149,11,23,87,,,
2150,11,1156,2441,,,
2151,11,24,83,,,
2152,10,22,102,,,
2153,10,22,104,,,
2154,10,21,81,,,
2155,10,21,82,,,
2156,11,22,108,,,
2157,11,23,85,,,
2158,9,21,102,,,
2159,11,23,83,,,
2160,9,21,98,,,
2161,11,23,85,,,
2162,10,23,85,,,
2163,11,22,83,,,
2164,10,22,82,,,
2165,10,22,84,,,
2166,10,22,82,,,
2167,11,23,132,,,
2168,10,22,82,,,
2169,11,25,115,,,
2170,11,22,85,,,
2171,9,20,109,,,
2172,10,22,105,,,
2173,11,22,111,,,
2174,10,21,84,,,
2175,13,26,87,,,
2176,10,22,85,,,
2177,11,23,127,,,
2178,10,22,115,,,
2179,10,22,96,,,
2180,11,23,82,,,
2181,10,22,84,,,
2182,10,23,124,,,
2183,11,22,82,,,
2184,10,22,83,,,
2185,11,23,85,,,
2186,10,22,85,,,
2187,9,21,102,,,
2188,12,24,575,,,
2189,11,23,84,,,
2190,11,22,84,,,
2191,11,22,104,,,
2192,10,22,81,,,
2193,12,24,89,,,
2194,10,22,105,,,
2195,11,22,82,,,
2196,9,21,82,,,
2197,11,24,113,,,
2198,9,21,106,,,
2199,10,21,112,,,
2200,11,23,99,,,
2201,11,24,125,,,
2202,10,22,84,,,
2203,12,26,95,,,
2204,11,187,296,,,
2205,10,22,83,,,
2206,10,21,116,,,
2207,11,23,105,,,
2208,9,21,100,,,
2209,10,21,83,,,
2210,10,21,81,,,
2211,9,21,109,,,
2212,11,23,86,,,
2213,11,23,83,,,
2214,10,23,84,,,
2215,11,22,82,,,
2216,12,167,277,,,
2217,10,23,89,,,
2218,10,22,82,,,
2219,10,22,127,,,
2220,11,22,81,,,
2221,10,21,83,,,
2222,11,22,83,,,
2223,10,22,82,,,
2224,11,23,116,,,
2225,10,21,84,,,
2226,12,25,85,,,
2227,10,21,107,,,
2228,11,22,117,,,
2229,10,21,83,,,
2230,10,22,107,,,
2231,9,20,80,,,
2232,11,23,83,,,
2233,9,22,117,,,
2234,10,22,82,,,
2235,11,23,120,,,
2236,12,24,82,,,
2237,11,1299,2591,,,
2238,11,23,84,,,
2239,11,23,114,,,
2240,11,23,108,,,
2241,10,117,226,,,
2242,11,23,87,,,
2243,10,23,116,,,
2244,11,23,84,,,
2245,11,23,115,,,
2246,11,23,89,,,
2247,10,23,111,,,
2248,10,2256,2365,,,
2249,11,22,87,,,
2250,11,22,82,,,
2251,11,23,87,,,
2252,10,22,92,,,
2253,10,22,101,,,
2254,11,23,114,,,
2255,10,23,120,,,
2256,11,23,85,,,
2257,11,23,120,,,
2258,11,22,100,,,
2259,11,1686,2990,,,
2260,11,22,104,,,
2261,11,23,85,,,
2262,10,22,114,,,
2263,12,25,91,,,
2264,9,21,82,,,
2265,12,24,84,,,
2266,9,22,84,,,
2267,10,22,125,,,
2268,10,22,85,,,
2269,10,21,82,,,
2270,11,23,85,,,
2271,9,20,129,,,
2272,9,21,82,,,
2273,10,22,82,,,
2274,11,23,85,,,
2275,10,22,118,,,
2276,11,23,120,,,
2277,10,22,114,,,
2278,9,21,81,,,
2279,9,21,121,,,
2280,12,25,107,,,
2281,11,22,106,,,
2282,11,24,108,,,
2283,10,22,83,,,
2284,11,22,76,,,
2285,10,22,116,,,
2286,9,21,105,,,
2287,11,22,83,,,
2288,12,24,86,,,
2289,10,21,114,,,
2290,12,23,84,,,
2291,10,22,105,,,
2292,11,24,84,,,
2293,11,23,83,,,
2294,11,22,84,,,
2295,15,29,116,,,
2296,9,21,83,,,
2297,10,22,84,,,
2298,9,22,83,,,
2299,11,23,115,,,
2300,10,23,85,,,
2301,10,808,912,,,
2302,12,24,87,,,
2303,9,22,85,,,
2304,12,23,97,,,
2305,11,25,114,,,
2306,11,23,122,,,
2307,11,24,85,,,
2308,11,22,82,,,
2309,11,22,83,,,
2310,11,23,84,,,
2311,9,21,110,,,
2312,10,22,82,,,
2313,11,1824,1927,,,
2314,11,23,139,,,
2315,11,23,83,,,
2316,9,21,109,,,
2317,10,22,80,,,
2318,10,22,84,,,
2319,9,21,79,,,
2320,10,640,744,,,
2321,10,22,83,,,
2322,10,22,125,,,
2323,11,22,84,,,
2324,10,22,106,,,
2325,11,24,85,,,
2326,11,138,334,,,
2327,10,22,100,,,
2328,12,25,86,,,
2329,10,21,81,,,
2330,10,22,83,,,
2331,10,312,573,,,
2332,12,24,82,,,
2333,9,21,201,,,
2334,10,21,84,,,
2335,10,21,81,,,
2336,10,22,83,,,
2337,11,22,121,,,
2338,12,25,89,,,
2339,10,22,83,,,
2340,11,24,117,,,
2341,10,22,110,,,
2342,9,21,82,,,
2343,10,21,82,,,
2344,10,22,84,,,
2345,10,22,82,,,
2346,11,23,85,,,
2347,11,23,84,,,
2348,11,23,109,,,
2349,11,24,85,,,
2350,13,26,89,,,
2351,9,20,80,,,
2352,10,22,85,,,
2353,10,22,84,,,
2354,10,22,81,,,
2355,11,23,107,,,
2356,9,21,110,,,
2357,11,25,91,,,
2358,10,23,83,,,
2359,11,23,125,,,
2360,10,22,115,,,
2361,9,21,82,,,
2362,10,21,122,,,
2363,11,24,84,,,
2364,10,22,111,,,
2365,11,22,87,,,
2366,11,23,82,,,
2367,11,24,86,,,
2368,11,23,84,,,
2369,11,23,83,,,
2370,11,23,83,,,
2371,10,22,85,,,
2372,11,23,110,,,
2373,11,23,76,,,
2374,11,23,113,,,
2375,11,24,87,,,
2376,10,23,84,,,
2377,10,22,85,,,
2378,11,24,92,,,
2379,11,23,128,,,
2380,11,22,81,,,
2381,11,2081,3437,,,
2382,9,21,116,,,
2383,11,24,124,,,
2384,11,23,105,,,
2385,15,1515,2867,,,
2386,10,28,130,,,
2387,12,24,86,,,
2388,10,22,83,,,
2389,9,20,114,,,
2390,10,21,105,,,
2391,9,21,84,,,
2392,9,22,110,,,
2393,11,24,88,,,
2394,10,22,85,,,
2395,11,23,85,,,
2396,11,23,83,,,
2397,11,23,122,,,
2398,11,24,86,,,
2399,10,22,116,,,
2400,11,22,81,,,
2401,12,26,89,,,
2402,11,22,82,,,
2403,10,22,107,,,
2404,10,22,106,,,
2405,11,22,83,,,
2406,9,21,81,,,
2407,11,24,126,,,
2408,9,20,112,,,
2409,10,22,107,,,
2410,12,25,85,,,
2411,12,24,84,,,
2412,10,22,119,,,
2413,10,22,82,,,
2414,9,22,106,,,
2415,9,21,83,,,
2416,11,24,86,,,
2417,9,21,117,,,
2418,12,24,125,,,
2419,11,22,82,,,
2420,9,21,82,,,
2421,10,22,132,,,
2422,11,24,90,,,
2423,11,22,105,,,
2424,11,24,87,,,
2425,11,22,124,,,
2426,11,23,87,,,
2427,10,22,82,,,
2428,9,21,105,,,
2429,10,21,83,,,
2430,9,23,85,,,
2431,10,22,84,,,
2432,11,23,83,,,
2433,10,21,89,,,
2434,9,21,82,,,
2435,10,22,83,,,
2436,11,23,82,,,
2437,11,24,84,,,
2438,10,22,124,,,
2439,11,24,85,,,
2440,11,22,86,,,
2441,12,24,106,,,
2442,11,22,109,,,
2443,11,23,83,,,
2444,12,23,84,,,
2445,11,23,111,,,
2446,10,22,122,,,
2447,10,21,81,,,
2448,10,22,83,,,
2449,11,23,83,,,
2450,12,24,85,,,
2451,10,22,84,,,
2452,11,25,79,,,
2453,9,21,82,,,
2454,11,23,84,,,
2455,10,22,82,,,
2456,11,23,85,,,
2457,11,24,84,,,
2458,12,24,112,,,
2459,10,22,81,,,
2460,8,22,86,,,
2461,11,23,84,,,
2462,12,25,117,,,
2463,9,21,84,,,
2464,11,24,122,,,
2465,10,22,83,,,
2466,11,23,111,,,
2467,9,20,83,,,
2468,11,23,110,,,
2469,10,21,82,,,
2470,9,21,106,,,
2471,10,22,85,,,
2472,10,23,104,,,
2473,10,22,82,,,
2474,11,23,117,,,
2475,9,21,117,,,
2476,9,21,81,,,
2477,10,23,85,,,
2478,10,23,86,,,
2479,10,21,80,,,
2480,11,25,89,,,
2481,11,24,90,,,
2482,10,22,82,,,
2483,10,21,109,,,
2484,10,21,81,,,
2485,11,22,81,,,
2486,11,24,118,,,
2487,11,23,126,,,
2488,11,23,111,,,
2489,9,21,83,,,
2490,10,23,107,,,
2491,11,22,85,,,
2492,11,23,109,,,
2493,10,21,83,,,
2494,11,22,84,,,
