,validated,accepted,committed,avg_val,avg_accep,avg_comm
0,3,9,66,3.299319728,5.757102841,72.74429772
1,3,9,68,,,
2,3,9,91,,,
3,3,9,83,,,
4,4,9,89,,,
5,3,9,68,,,
6,3,9,97,,,
7,3,8,64,,,
8,4,10,67,,,
9,3,8,82,,,
10,4,9,67,,,
11,3,9,68,,,
12,3,8,86,,,
13,3,9,106,,,
14,3,9,64,,,
15,3,9,66,,,
16,3,8,93,,,
17,3,9,64,,,
18,3,9,90,,,
19,3,9,64,,,
20,3,9,95,,,
21,4,9,66,,,
22,4,9,90,,,
23,3,9,91,,,
24,3,9,67,,,
25,4,10,68,,,
26,3,10,98,,,
27,4,9,99,,,
28,3,8,89,,,
29,3,10,68,,,
30,3,9,96,,,
31,3,9,76,,,
32,3,9,106,,,
33,3,9,67,,,
34,3,9,86,,,
35,3,8,65,,,
36,4,11,70,,,
37,3,9,67,,,
38,3,9,97,,,
39,3,9,111,,,
40,3,9,69,,,
41,3,8,67,,,
42,3,9,95,,,
43,3,9,65,,,
44,3,8,63,,,
45,3,9,67,,,
46,3,9,66,,,
47,4,9,88,,,
48,3,9,93,,,
49,3,9,66,,,
50,3,9,68,,,
51,3,8,88,,,
52,3,9,67,,,
53,3,9,105,,,
54,4,10,90,,,
55,3,9,64,,,
56,3,9,69,,,
57,4,10,93,,,
58,3,9,99,,,
59,3,9,100,,,
60,4,10,67,,,
61,3,9,108,,,
62,4,9,110,,,
63,4,9,111,,,
64,4,13,117,,,
65,3,9,64,,,
66,3,9,118,,,
67,3,12,105,,,
68,3,8,89,,,
69,3,9,65,,,
70,4,9,67,,,
71,4,9,67,,,
72,4,9,65,,,
73,4,9,68,,,
74,4,9,239,,,
75,4,9,67,,,
76,3,9,64,,,
77,3,11,67,,,
78,3,9,66,,,
79,4,9,70,,,
80,3,9,92,,,
81,4,9,65,,,
82,3,9,113,,,
83,3,9,65,,,
84,3,9,88,,,
85,3,8,118,,,
86,3,8,63,,,
87,3,9,103,,,
88,3,8,67,,,
89,3,9,64,,,
90,4,9,91,,,
91,4,10,67,,,
92,3,8,91,,,
93,3,9,105,,,
94,3,9,67,,,
95,4,9,95,,,
96,4,9,81,,,
97,4,9,93,,,
98,3,9,66,,,
99,3,8,113,,,
100,3,9,67,,,
101,3,8,64,,,
102,3,9,66,,,
103,3,9,98,,,
104,3,9,64,,,
105,3,8,63,,,
106,3,8,101,,,
107,3,9,105,,,
108,3,9,101,,,
109,3,9,96,,,
110,3,9,114,,,
111,3,9,96,,,
112,4,9,67,,,
113,3,9,90,,,
114,4,9,98,,,
115,4,9,108,,,
116,3,9,98,,,
117,3,9,73,,,
118,4,10,69,,,
119,3,8,95,,,
120,4,10,95,,,
121,3,9,65,,,
122,3,9,98,,,
123,3,9,64,,,
124,4,10,67,,,
125,3,9,95,,,
126,4,10,66,,,
127,3,9,67,,,
128,4,10,106,,,
129,3,9,68,,,
130,3,8,91,,,
131,3,9,72,,,
132,3,9,106,,,
133,3,10,104,,,
134,3,9,66,,,
135,3,9,97,,,
136,3,9,65,,,
137,3,8,65,,,
138,4,10,89,,,
139,3,9,96,,,
140,4,9,68,,,
141,4,9,117,,,
142,4,9,76,,,
143,3,9,68,,,
144,4,9,65,,,
145,3,8,78,,,
146,3,9,67,,,
147,3,9,67,,,
148,3,9,63,,,
149,3,8,96,,,
150,3,8,65,,,
151,3,8,66,,,
152,3,9,65,,,
153,4,9,105,,,
154,4,9,93,,,
155,3,9,93,,,
156,3,9,99,,,
157,3,9,65,,,
158,3,9,63,,,
159,3,9,81,,,
160,3,9,66,,,
161,3,9,67,,,
162,3,8,103,,,
163,3,9,89,,,
164,3,8,99,,,
165,3,9,107,,,
166,3,9,67,,,
167,3,10,96,,,
168,3,9,87,,,
169,3,8,104,,,
170,4,10,96,,,
171,4,9,67,,,
172,4,10,93,,,
173,4,9,98,,,
174,3,9,100,,,
175,3,9,106,,,
176,3,9,67,,,
177,3,9,94,,,
178,4,9,65,,,
179,4,9,65,,,
180,3,9,65,,,
181,3,9,105,,,
182,2,8,86,,,
183,3,9,68,,,
184,3,9,86,,,
185,3,9,94,,,
186,3,8,112,,,
187,4,10,68,,,
188,3,9,74,,,
189,3,9,104,,,
190,4,9,65,,,
191,4,9,88,,,
192,3,9,68,,,
193,3,9,104,,,
194,3,9,66,,,
195,3,9,64,,,
196,3,9,65,,,
197,3,9,64,,,
198,3,9,65,,,
199,4,9,91,,,
200,3,9,87,,,
201,3,9,89,,,
202,3,8,66,,,
203,3,9,93,,,
204,3,9,63,,,
205,4,9,102,,,
206,4,9,66,,,
207,3,8,63,,,
208,4,9,108,,,
209,3,9,65,,,
210,4,10,87,,,
211,22,30,110,,,
212,3,9,96,,,
213,3,9,88,,,
214,3,9,66,,,
215,4,9,68,,,
216,4,9,86,,,
217,3,9,110,,,
218,3,9,67,,,
219,4,9,83,,,
220,3,9,100,,,
221,3,8,67,,,
222,3,8,67,,,
223,4,10,69,,,
224,3,9,102,,,
225,3,9,65,,,
226,3,9,100,,,
227,3,9,113,,,
228,3,10,111,,,
229,3,8,96,,,
230,3,8,89,,,
231,3,9,83,,,
232,3,9,67,,,
233,3,9,66,,,
234,4,10,105,,,
235,3,8,99,,,
236,3,10,67,,,
237,3,9,100,,,
238,4,10,68,,,
239,4,10,105,,,
240,4,9,67,,,
241,3,9,90,,,
242,3,9,68,,,
243,3,9,67,,,
244,3,8,93,,,
245,3,8,102,,,
246,3,9,92,,,
247,3,9,67,,,
248,4,10,64,,,
249,3,9,85,,,
250,3,10,69,,,
251,4,9,65,,,
252,4,9,101,,,
253,4,10,112,,,
254,4,10,65,,,
255,3,9,99,,,
256,4,9,98,,,
257,3,9,64,,,
258,3,8,92,,,
259,3,8,84,,,
260,4,9,64,,,
261,3,9,66,,,
262,3,9,67,,,
263,3,9,93,,,
264,3,8,93,,,
265,3,9,108,,,
266,3,8,98,,,
267,4,10,89,,,
268,3,8,91,,,
269,3,9,94,,,
270,3,9,67,,,
271,3,8,98,,,
272,3,9,68,,,
273,3,10,69,,,
274,4,9,113,,,
275,3,8,98,,,
276,3,9,90,,,
277,3,9,84,,,
278,4,9,88,,,
279,3,9,64,,,
280,4,9,67,,,
281,3,9,101,,,
282,4,10,115,,,
283,3,9,66,,,
284,3,9,64,,,
285,3,9,230,,,
286,3,8,91,,,
287,3,9,94,,,
288,4,10,108,,,
289,3,8,85,,,
290,4,10,110,,,
291,4,10,67,,,
292,3,8,67,,,
293,3,9,68,,,
294,3,9,67,,,
295,3,9,87,,,
296,3,8,93,,,
297,3,9,67,,,
298,3,8,121,,,
299,3,9,97,,,
300,3,9,65,,,
301,3,9,67,,,
302,3,9,89,,,
303,3,9,63,,,
304,3,8,112,,,
305,3,9,68,,,
306,4,9,102,,,
307,4,9,68,,,
308,3,9,83,,,
309,3,8,95,,,
310,3,9,85,,,
311,3,9,97,,,
312,3,9,67,,,
313,3,8,65,,,
314,4,9,109,,,
315,3,8,67,,,
316,3,9,96,,,
317,3,9,64,,,
318,3,8,65,,,
319,3,9,95,,,
320,3,9,110,,,
321,3,9,95,,,
322,3,8,65,,,
323,3,8,119,,,
324,4,9,69,,,
325,3,9,64,,,
326,4,10,66,,,
327,3,8,67,,,
328,3,9,64,,,
329,4,9,66,,,
330,3,8,68,,,
331,3,9,103,,,
332,4,9,89,,,
333,3,9,64,,,
334,3,9,104,,,
335,3,8,65,,,
336,4,10,65,,,
337,3,8,64,,,
338,3,9,89,,,
339,3,9,119,,,
340,3,10,66,,,
341,4,9,67,,,
342,3,9,66,,,
343,4,9,91,,,
344,4,10,66,,,
345,3,9,74,,,
346,4,9,65,,,
347,4,9,66,,,
348,3,9,98,,,
349,3,9,102,,,
350,3,9,108,,,
351,3,9,65,,,
352,3,9,66,,,
353,3,9,120,,,
354,3,9,67,,,
355,4,10,95,,,
356,3,8,86,,,
357,4,9,89,,,
358,3,9,66,,,
359,3,9,70,,,
360,3,9,77,,,
361,3,8,88,,,
362,3,9,65,,,
363,3,8,66,,,
364,3,9,65,,,
365,4,9,64,,,
366,3,9,108,,,
367,4,9,67,,,
368,3,9,69,,,
369,3,9,65,,,
370,3,9,64,,,
371,3,9,107,,,
372,4,9,101,,,
373,3,8,65,,,
374,4,10,66,,,
375,4,9,65,,,
376,3,9,102,,,
377,3,9,66,,,
378,3,8,64,,,
379,4,9,65,,,
380,3,9,66,,,
381,4,9,83,,,
382,3,9,106,,,
383,4,10,65,,,
384,3,8,64,,,
385,3,9,73,,,
386,3,8,67,,,
387,3,9,64,,,
388,3,9,113,,,
389,3,9,66,,,
390,3,9,68,,,
391,4,9,89,,,
392,3,9,68,,,
393,3,8,67,,,
394,4,10,67,,,
395,3,9,67,,,
396,3,8,66,,,
397,3,8,86,,,
398,3,9,96,,,
399,3,9,102,,,
400,3,9,108,,,
401,4,9,95,,,
402,3,9,96,,,
403,3,8,67,,,
404,3,9,65,,,
405,3,8,64,,,
406,3,9,88,,,
407,3,10,64,,,
408,3,8,94,,,
409,3,9,68,,,
410,3,9,68,,,
411,3,9,93,,,
412,3,8,102,,,
413,3,9,88,,,
414,3,9,86,,,
415,3,8,67,,,
416,3,8,65,,,
417,3,9,67,,,
418,3,9,88,,,
419,4,9,65,,,
420,4,9,68,,,
421,3,9,66,,,
422,3,9,107,,,
423,3,9,67,,,
424,3,9,68,,,
425,3,9,97,,,
426,4,9,88,,,
427,4,10,69,,,
428,3,9,88,,,
429,3,9,66,,,
430,3,9,66,,,
431,3,8,109,,,
432,3,9,117,,,
433,3,9,64,,,
434,3,9,68,,,
435,3,9,67,,,
436,3,9,96,,,
437,3,9,66,,,
438,3,9,105,,,
439,3,9,65,,,
440,3,8,93,,,
441,3,9,109,,,
442,4,9,90,,,
443,3,9,67,,,
444,3,11,88,,,
445,3,8,97,,,
446,3,8,76,,,
447,3,9,81,,,
448,3,9,92,,,
449,4,9,89,,,
450,3,9,71,,,
451,3,9,66,,,
452,3,9,65,,,
453,4,9,104,,,
454,4,9,85,,,
455,4,9,105,,,
456,3,9,83,,,
457,4,9,65,,,
458,4,9,96,,,
459,3,9,68,,,
460,3,9,90,,,
461,4,9,98,,,
462,3,9,89,,,
463,4,9,69,,,
464,4,9,66,,,
465,4,10,67,,,
466,3,9,66,,,
467,3,8,68,,,
468,4,9,65,,,
469,3,8,102,,,
470,4,10,105,,,
471,3,9,66,,,
472,3,9,90,,,
473,4,10,101,,,
474,3,9,68,,,
475,3,9,106,,,
476,3,9,109,,,
477,3,10,92,,,
478,4,10,68,,,
479,3,9,68,,,
480,4,9,66,,,
481,3,11,102,,,
482,3,9,94,,,
483,3,9,95,,,
484,4,9,66,,,
485,3,8,114,,,
486,3,9,88,,,
487,3,8,98,,,
488,3,8,109,,,
489,3,9,67,,,
490,3,9,69,,,
491,3,8,66,,,
492,4,9,67,,,
493,4,9,68,,,
494,3,9,90,,,
495,3,10,67,,,
496,3,9,66,,,
497,3,9,91,,,
498,3,9,93,,,
499,4,9,99,,,
500,3,9,79,,,
501,4,9,99,,,
502,3,8,98,,,
503,3,9,114,,,
504,3,9,67,,,
505,4,10,68,,,
506,4,10,66,,,
507,3,9,90,,,
508,3,9,66,,,
509,3,9,66,,,
510,3,9,112,,,
511,3,9,64,,,
512,3,9,65,,,
513,3,8,65,,,
514,4,9,98,,,
515,3,9,68,,,
516,3,9,67,,,
517,3,8,105,,,
518,3,8,89,,,
519,3,9,109,,,
520,4,9,102,,,
521,3,9,68,,,
522,3,9,102,,,
523,4,9,66,,,
524,3,8,90,,,
525,4,9,67,,,
526,3,9,107,,,
527,3,10,66,,,
528,3,9,90,,,
529,3,9,68,,,
530,4,9,65,,,
531,3,9,65,,,
532,3,9,66,,,
533,4,9,68,,,
534,3,9,86,,,
535,3,8,92,,,
536,3,9,74,,,
537,3,9,83,,,
538,4,9,65,,,
539,3,9,66,,,
540,3,9,67,,,
541,4,9,100,,,
542,3,8,93,,,
543,3,8,95,,,
544,3,9,85,,,
545,4,9,65,,,
546,3,9,66,,,
547,3,10,66,,,
548,3,9,64,,,
549,4,9,110,,,
550,3,10,108,,,
551,3,9,65,,,
552,4,10,68,,,
553,3,9,98,,,
554,3,8,66,,,
555,3,8,78,,,
556,3,9,91,,,
557,4,10,106,,,
558,3,9,66,,,
559,4,9,64,,,
560,3,8,65,,,
561,4,9,64,,,
562,4,10,66,,,
563,3,9,65,,,
564,3,9,88,,,
565,3,9,88,,,
566,3,9,103,,,
567,3,9,66,,,
568,3,8,93,,,
569,3,9,89,,,
570,4,9,66,,,
571,4,10,84,,,
572,3,9,94,,,
573,3,9,65,,,
574,4,10,97,,,
575,3,8,84,,,
576,3,9,105,,,
577,3,9,64,,,
578,3,8,138,,,
579,4,9,67,,,
580,3,9,64,,,
581,3,9,64,,,
582,3,9,65,,,
583,3,9,237,,,
584,3,9,103,,,
585,3,8,64,,,
586,4,9,109,,,
587,3,8,67,,,
588,3,8,64,,,
589,4,9,68,,,
590,4,9,67,,,
591,3,9,65,,,
592,4,9,99,,,
593,3,10,90,,,
594,3,9,68,,,
595,3,9,64,,,
596,4,10,112,,,
597,3,8,64,,,
598,3,9,97,,,
599,3,9,76,,,
600,3,9,94,,,
601,3,9,103,,,
602,3,9,90,,,
603,3,8,65,,,
604,3,10,65,,,
605,3,9,100,,,
606,3,8,65,,,
607,4,10,103,,,
608,3,9,211,,,
609,4,11,70,,,
610,4,10,65,,,
611,3,9,68,,,
612,3,9,100,,,
613,4,9,97,,,
614,3,9,66,,,
615,3,10,100,,,
616,3,9,65,,,
617,3,8,63,,,
618,3,9,67,,,
619,3,9,67,,,
620,3,8,66,,,
621,3,9,66,,,
622,3,9,105,,,
623,3,9,100,,,
624,3,9,68,,,
625,3,8,89,,,
626,3,9,69,,,
627,3,9,88,,,
628,3,9,64,,,
629,4,10,68,,,
630,3,9,94,,,
631,3,9,68,,,
632,3,9,88,,,
633,3,8,65,,,
634,3,9,87,,,
635,3,9,65,,,
636,3,9,67,,,
637,4,10,66,,,
638,4,9,107,,,
639,3,9,64,,,
640,3,9,68,,,
641,3,9,90,,,
642,3,9,67,,,
643,4,9,67,,,
644,4,10,97,,,
645,3,9,102,,,
646,3,9,64,,,
647,3,9,65,,,
648,4,9,89,,,
649,3,9,110,,,
650,4,9,103,,,
651,3,9,95,,,
652,3,9,64,,,
653,4,9,67,,,
654,3,9,93,,,
655,4,9,67,,,
656,3,8,64,,,
657,4,10,67,,,
658,3,8,94,,,
659,4,9,89,,,
660,4,9,97,,,
661,3,9,67,,,
662,3,8,68,,,
663,3,9,68,,,
664,4,10,91,,,
665,3,9,63,,,
666,4,9,66,,,
667,3,9,103,,,
668,3,9,104,,,
669,3,9,67,,,
670,3,8,63,,,
671,3,8,88,,,
672,3,9,88,,,
673,3,9,90,,,
674,3,9,65,,,
675,3,8,66,,,
676,3,10,90,,,
677,3,9,68,,,
678,3,9,100,,,
679,4,11,95,,,
680,3,10,65,,,
681,3,10,65,,,
682,3,9,66,,,
683,3,9,85,,,
684,3,8,86,,,
685,3,9,99,,,
686,3,10,66,,,
687,4,9,69,,,
688,3,8,96,,,
689,3,8,87,,,
690,4,9,117,,,
691,4,9,66,,,
692,3,8,93,,,
693,3,9,90,,,
694,4,9,63,,,
695,3,9,68,,,
696,4,9,65,,,
697,3,9,68,,,
698,4,10,89,,,
699,3,9,66,,,
700,4,9,65,,,
701,3,8,89,,,
702,3,9,89,,,
703,4,9,96,,,
704,3,8,64,,,
705,3,9,66,,,
706,4,9,66,,,
707,3,8,94,,,
708,3,9,94,,,
709,4,10,92,,,
710,4,10,103,,,
711,4,10,68,,,
712,3,8,63,,,
713,4,9,67,,,
714,3,9,87,,,
715,3,9,65,,,
716,3,10,68,,,
717,3,9,108,,,
718,4,9,87,,,
719,3,8,94,,,
720,4,9,69,,,
721,3,9,87,,,
722,4,10,66,,,
723,3,9,86,,,
724,3,9,67,,,
725,3,9,66,,,
726,3,9,101,,,
727,3,9,87,,,
728,4,9,68,,,
729,3,9,106,,,
730,4,10,101,,,
731,3,10,67,,,
732,4,10,103,,,
733,3,9,106,,,
734,3,9,67,,,
735,4,9,99,,,
736,3,8,98,,,
737,4,10,96,,,
738,4,11,96,,,
739,3,9,67,,,
740,3,8,65,,,
741,3,8,63,,,
742,3,8,67,,,
743,3,9,113,,,
744,3,9,86,,,
745,3,9,66,,,
746,3,9,94,,,
747,3,9,68,,,
748,4,9,65,,,
749,3,9,99,,,
750,3,9,65,,,
751,4,10,67,,,
752,4,9,95,,,
753,4,9,67,,,
754,3,9,65,,,
755,3,8,65,,,
756,3,9,90,,,
757,3,9,102,,,
758,4,9,99,,,
759,3,8,91,,,
760,3,9,66,,,
761,3,9,95,,,
762,3,10,66,,,
763,4,9,87,,,
764,3,10,69,,,
765,3,8,103,,,
766,3,9,67,,,
767,4,13,70,,,
768,3,8,66,,,
769,3,9,63,,,
770,4,9,91,,,
771,4,9,96,,,
772,3,8,97,,,
773,3,9,94,,,
774,4,9,65,,,
775,3,9,104,,,
776,4,9,88,,,
777,3,9,69,,,
778,4,9,67,,,
779,3,9,93,,,
780,3,9,110,,,
781,3,10,109,,,
782,3,8,63,,,
783,3,8,90,,,
784,3,8,66,,,
785,3,10,109,,,
786,3,9,86,,,
787,3,9,67,,,
788,3,9,64,,,
789,3,10,67,,,
790,3,9,66,,,
791,3,9,83,,,
792,3,9,66,,,
793,3,8,65,,,
794,4,9,106,,,
795,4,9,65,,,
796,4,9,65,,,
797,4,9,67,,,
798,4,9,68,,,
799,3,9,96,,,
800,3,9,91,,,
801,3,9,91,,,
802,4,9,68,,,
803,4,9,68,,,
804,4,9,68,,,
805,3,9,67,,,
806,4,9,89,,,
807,3,9,87,,,
808,4,9,108,,,
809,4,9,98,,,
810,3,8,114,,,
811,3,8,89,,,
812,3,9,88,,,
813,3,9,80,,,
814,3,9,97,,,
815,3,9,65,,,
816,3,9,94,,,
817,3,9,105,,,
818,3,9,66,,,
819,3,11,94,,,
820,4,10,85,,,
821,3,10,69,,,
822,4,9,66,,,
823,4,10,66,,,
824,3,9,101,,,
825,3,9,80,,,
826,3,9,90,,,
827,3,9,88,,,
828,4,10,65,,,
829,4,9,87,,,
830,4,9,67,,,
831,3,9,65,,,
832,3,8,66,,,
833,3,9,100,,,
834,4,9,66,,,
835,4,10,118,,,
836,3,9,68,,,
837,3,9,64,,,
838,4,11,65,,,
839,4,9,66,,,
840,4,9,88,,,
841,3,9,67,,,
842,4,10,95,,,
843,3,9,93,,,
844,4,9,107,,,
845,3,9,64,,,
846,3,9,86,,,
847,3,8,64,,,
848,3,8,89,,,
849,4,10,102,,,
850,3,8,66,,,
851,3,9,89,,,
852,3,9,84,,,
853,3,9,92,,,
854,4,10,66,,,
855,3,8,89,,,
856,4,10,109,,,
857,4,9,66,,,
858,4,9,68,,,
859,4,9,97,,,
860,3,9,63,,,
861,3,9,66,,,
862,3,9,69,,,
863,3,9,91,,,
864,3,9,65,,,
865,3,9,113,,,
866,3,9,66,,,
867,3,9,67,,,
868,3,8,65,,,
869,3,9,68,,,
870,3,8,91,,,
871,3,9,108,,,
872,3,9,94,,,
873,3,9,87,,,
874,4,9,92,,,
875,3,8,98,,,
876,3,9,65,,,
877,3,9,67,,,
878,4,10,68,,,
879,3,9,69,,,
880,4,10,64,,,
881,3,8,67,,,
882,3,9,67,,,
883,3,9,66,,,
884,3,9,92,,,
885,3,9,93,,,
886,3,9,90,,,
887,3,8,101,,,
888,3,9,67,,,
889,3,9,97,,,
890,4,10,100,,,
891,3,9,99,,,
892,3,9,84,,,
893,3,9,67,,,
894,3,8,66,,,
895,3,9,66,,,
896,3,9,65,,,
897,3,9,68,,,
898,3,9,68,,,
899,3,9,83,,,
900,3,9,66,,,
901,3,9,98,,,
902,3,9,110,,,
903,3,9,65,,,
904,3,9,92,,,
905,3,8,66,,,
906,4,9,94,,,
907,3,9,104,,,
908,4,9,97,,,
909,3,9,91,,,
910,3,8,103,,,
911,3,8,65,,,
912,3,9,67,,,
913,3,9,97,,,
914,4,9,88,,,
915,3,9,63,,,
916,3,9,69,,,
917,3,9,66,,,
918,3,9,87,,,
919,3,8,99,,,
920,4,10,69,,,
921,3,9,109,,,
922,3,9,66,,,
923,3,9,68,,,
924,3,8,64,,,
925,4,10,104,,,
926,3,9,66,,,
927,4,9,68,,,
928,3,9,65,,,
929,3,9,63,,,
930,3,9,89,,,
931,3,9,67,,,
932,4,10,64,,,
933,4,10,67,,,
934,3,9,68,,,
935,3,8,87,,,
936,3,9,66,,,
937,3,8,100,,,
938,3,9,67,,,
939,3,8,91,,,
940,3,9,67,,,
941,3,9,100,,,
942,4,10,67,,,
943,3,9,86,,,
944,4,9,74,,,
945,3,9,87,,,
946,3,9,65,,,
947,3,8,64,,,
948,4,10,68,,,
949,4,9,88,,,
950,3,9,91,,,
951,3,9,99,,,
952,3,9,65,,,
953,3,9,100,,,
954,3,9,89,,,
955,4,10,88,,,
956,4,9,104,,,
957,3,9,110,,,
958,4,10,94,,,
959,3,9,102,,,
960,3,9,94,,,
961,3,9,66,,,
962,3,9,79,,,
963,3,9,64,,,
964,4,9,64,,,
965,3,8,65,,,
966,4,10,92,,,
967,3,9,65,,,
968,4,9,104,,,
969,4,9,100,,,
970,3,9,96,,,
971,4,9,86,,,
972,4,9,95,,,
973,3,9,101,,,
974,3,10,110,,,
975,3,9,99,,,
976,3,9,219,,,
977,3,9,95,,,
978,3,9,95,,,
979,4,9,89,,,
980,4,10,101,,,
981,4,10,94,,,
982,3,8,63,,,
983,4,10,65,,,
984,3,8,95,,,
985,4,10,89,,,
986,4,10,67,,,
987,4,10,117,,,
988,3,9,98,,,
989,3,9,101,,,
990,3,8,69,,,
991,3,9,96,,,
992,3,9,99,,,
993,3,9,93,,,
994,3,9,88,,,
995,3,9,97,,,
996,3,9,83,,,
997,3,9,101,,,
998,3,9,93,,,
999,4,10,92,,,
1000,4,11,123,,,
1001,3,9,65,,,
1002,3,9,92,,,
1003,3,9,66,,,
1004,3,9,64,,,
1005,3,9,64,,,
1006,3,9,92,,,
1007,3,9,100,,,
1008,3,9,87,,,
1009,3,9,105,,,
1010,3,9,96,,,
1011,3,8,65,,,
1012,3,8,101,,,
1013,3,9,91,,,
1014,3,8,85,,,
1015,3,8,65,,,
1016,3,9,67,,,
1017,3,9,65,,,
1018,3,10,116,,,
1019,3,9,90,,,
1020,4,9,68,,,
1021,3,8,89,,,
1022,3,9,66,,,
1023,3,9,103,,,
1024,3,9,64,,,
1025,3,8,65,,,
1026,3,9,68,,,
1027,3,9,66,,,
1028,3,8,64,,,
1029,3,9,93,,,
1030,3,9,67,,,
1031,4,9,65,,,
1032,4,10,66,,,
1033,4,10,104,,,
1034,3,9,86,,,
1035,3,9,65,,,
1036,4,10,68,,,
1037,4,9,65,,,
1038,3,8,86,,,
1039,4,9,68,,,
1040,3,9,65,,,
1041,4,10,67,,,
1042,3,9,65,,,
1043,3,9,102,,,
1044,4,10,104,,,
1045,3,8,101,,,
1046,3,9,65,,,
1047,4,10,82,,,
1048,3,9,67,,,
1049,4,10,69,,,
1050,4,10,66,,,
1051,4,9,67,,,
1052,4,9,65,,,
1053,4,9,91,,,
1054,3,10,90,,,
1055,4,11,70,,,
1056,3,8,86,,,
1057,3,9,90,,,
1058,3,10,95,,,
1059,3,9,66,,,
1060,3,9,65,,,
1061,3,9,66,,,
1062,3,9,67,,,
1063,3,8,68,,,
1064,3,8,106,,,
1065,3,9,90,,,
1066,3,9,83,,,
1067,3,9,66,,,
1068,4,10,109,,,
1069,4,9,95,,,
1070,4,9,66,,,
1071,3,9,88,,,
1072,3,9,94,,,
1073,3,9,85,,,
1074,3,9,66,,,
1075,3,9,66,,,
1076,4,10,110,,,
1077,3,9,114,,,
1078,3,8,64,,,
1079,3,9,96,,,
1080,3,9,68,,,
1081,3,9,126,,,
1082,4,9,100,,,
1083,3,8,104,,,
1084,3,9,67,,,
1085,3,9,87,,,
1086,3,9,88,,,
1087,3,8,90,,,
1088,3,9,88,,,
1089,3,9,91,,,
1090,3,9,94,,,
1091,4,10,68,,,
1092,4,10,68,,,
1093,3,9,65,,,
1094,3,9,68,,,
1095,3,8,111,,,
1096,3,9,65,,,
1097,3,9,78,,,
1098,4,9,63,,,
1099,4,10,95,,,
1100,3,8,65,,,
1101,4,10,65,,,
1102,4,9,79,,,
1103,3,8,91,,,
1104,3,9,64,,,
1105,3,9,64,,,
1106,4,9,85,,,
1107,3,9,88,,,
1108,3,9,97,,,
1109,4,9,104,,,
1110,3,8,63,,,
1111,3,10,96,,,
1112,3,9,87,,,
1113,4,9,65,,,
1114,3,9,65,,,
1115,3,9,82,,,
1116,3,8,66,,,
1117,4,9,65,,,
1118,3,9,64,,,
1119,3,9,89,,,
1120,3,9,90,,,
1121,3,10,67,,,
1122,3,9,94,,,
1123,3,9,68,,,
1124,3,9,65,,,
1125,3,8,106,,,
1126,3,9,87,,,
1127,3,8,64,,,
1128,3,9,242,,,
1129,3,8,99,,,
1130,3,9,85,,,
1131,4,12,108,,,
1132,3,10,65,,,
1133,3,9,90,,,
1134,3,8,100,,,
1135,3,9,66,,,
1136,3,9,115,,,
1137,3,9,67,,,
1138,3,9,68,,,
1139,3,9,66,,,
1140,4,9,89,,,
1141,3,8,67,,,
1142,3,9,67,,,
1143,3,8,97,,,
1144,3,9,67,,,
1145,3,9,92,,,
1146,3,9,95,,,
1147,4,9,68,,,
1148,3,8,66,,,
1149,4,9,68,,,
1150,3,9,99,,,
1151,3,8,100,,,
1152,4,9,65,,,
1153,3,9,95,,,
1154,3,9,64,,,
1155,3,8,99,,,
1156,3,9,64,,,
1157,3,9,96,,,
1158,3,8,65,,,
1159,3,9,82,,,
1160,4,10,67,,,
1161,4,9,68,,,
1162,4,10,111,,,
1163,3,9,67,,,
1164,3,9,63,,,
1165,4,9,66,,,
1166,3,8,64,,,
1167,4,10,95,,,
1168,3,9,64,,,
1169,4,9,64,,,
1170,3,8,105,,,
1171,4,9,100,,,
1172,3,10,66,,,
1173,3,10,107,,,
1174,3,9,100,,,
1175,3,8,64,,,
1176,3,9,67,,,
1177,3,9,91,,,
1178,3,9,68,,,
1179,3,9,66,,,
1180,3,9,67,,,
1181,3,8,89,,,
1182,3,9,108,,,
1183,3,8,90,,,
1184,3,9,68,,,
1185,4,9,106,,,
1186,4,9,90,,,
1187,3,9,74,,,
1188,3,9,88,,,
1189,4,9,64,,,
1190,3,9,93,,,
1191,3,9,65,,,
1192,4,10,64,,,
1193,3,10,67,,,
1194,3,9,64,,,
1195,4,10,67,,,
1196,4,10,89,,,
1197,4,9,83,,,
1198,4,9,64,,,
1199,3,9,65,,,
1200,4,9,88,,,
1201,3,9,89,,,
1202,3,9,106,,,
1203,3,9,88,,,
1204,3,9,69,,,
1205,3,9,65,,,
1206,3,9,70,,,
1207,4,9,67,,,
1208,3,9,96,,,
1209,4,10,89,,,
1210,4,9,65,,,
1211,3,8,91,,,
1212,3,8,88,,,
1213,3,9,66,,,
1214,3,9,68,,,
1215,4,10,66,,,
1216,3,9,65,,,
1217,3,9,65,,,
1218,3,9,104,,,
1219,3,9,107,,,
1220,3,9,66,,,
1221,3,9,89,,,
1222,4,9,67,,,
1223,3,10,66,,,
1224,3,8,63,,,
1225,3,9,65,,,
1226,3,8,88,,,
1227,3,8,84,,,
1228,4,9,66,,,
1229,3,9,97,,,
1230,3,9,101,,,
1231,4,9,97,,,
1232,3,9,64,,,
1233,3,9,75,,,
1234,3,10,68,,,
1235,3,9,67,,,
1236,4,9,65,,,
1237,3,9,94,,,
1238,3,9,64,,,
1239,3,8,66,,,
1240,3,9,62,,,
1241,3,9,97,,,
1242,3,9,98,,,
1243,3,9,97,,,
1244,3,8,64,,,
1245,3,8,86,,,
1246,4,9,81,,,
1247,3,9,67,,,
1248,3,9,68,,,
1249,4,9,65,,,
1250,3,8,66,,,
1251,3,9,100,,,
1252,3,8,85,,,
1253,3,9,87,,,
1254,3,8,109,,,
1255,4,9,68,,,
1256,3,9,64,,,
1257,3,8,67,,,
1258,3,9,101,,,
1259,3,9,65,,,
1260,3,9,67,,,
1261,3,9,67,,,
1262,4,9,72,,,
1263,3,8,64,,,
1264,4,9,102,,,
1265,3,9,91,,,
1266,4,10,65,,,
1267,3,9,100,,,
1268,3,8,112,,,
1269,3,10,70,,,
1270,3,9,67,,,
1271,3,8,67,,,
1272,3,9,65,,,
1273,4,9,67,,,
1274,4,9,68,,,
1275,3,8,65,,,
1276,3,9,66,,,
1277,4,9,93,,,
1278,3,9,66,,,
1279,4,9,91,,,
1280,4,11,97,,,
1281,3,9,105,,,
1282,3,9,96,,,
1283,4,9,65,,,
1284,3,9,67,,,
1285,3,9,66,,,
1286,4,10,86,,,
1287,4,9,107,,,
1288,4,10,65,,,
1289,3,9,65,,,
1290,3,8,103,,,
1291,3,8,87,,,
1292,3,9,65,,,
1293,3,9,72,,,
1294,4,9,65,,,
1295,3,9,102,,,
1296,4,10,93,,,
1297,3,9,66,,,
1298,3,9,68,,,
1299,4,9,66,,,
1300,3,9,101,,,
1301,3,9,68,,,
1302,4,9,74,,,
1303,3,8,102,,,
1304,3,8,107,,,
1305,3,8,90,,,
1306,4,10,68,,,
1307,3,9,87,,,
1308,4,9,103,,,
1309,3,8,64,,,
1310,3,9,98,,,
1311,3,9,94,,,
1312,3,9,66,,,
1313,4,9,106,,,
1314,3,9,64,,,
1315,3,9,103,,,
1316,3,9,102,,,
1317,3,9,68,,,
1318,3,9,98,,,
1319,3,9,65,,,
1320,3,9,67,,,
1321,3,9,116,,,
1322,4,10,118,,,
1323,4,9,94,,,
1324,3,8,93,,,
1325,4,10,68,,,
1326,3,8,65,,,
1327,3,8,64,,,
1328,3,9,67,,,
1329,4,10,69,,,
1330,4,9,95,,,
1331,3,8,94,,,
1332,4,10,65,,,
1333,4,9,64,,,
1334,3,8,66,,,
1335,4,10,91,,,
1336,3,9,104,,,
1337,3,8,73,,,
1338,3,9,67,,,
1339,3,8,98,,,
1340,3,9,68,,,
1341,3,10,65,,,
1342,3,9,65,,,
1343,4,9,98,,,
1344,3,9,67,,,
1345,3,9,68,,,
1346,3,9,66,,,
1347,3,8,98,,,
1348,4,9,101,,,
1349,3,9,86,,,
1350,4,10,68,,,
1351,3,9,111,,,
1352,3,8,98,,,
1353,3,9,64,,,
1354,3,8,65,,,
1355,3,9,99,,,
1356,3,8,64,,,
1357,3,9,88,,,
1358,4,9,65,,,
1359,3,9,64,,,
1360,3,8,66,,,
1361,3,9,66,,,
1362,3,8,90,,,
1363,3,9,66,,,
1364,4,9,168,,,
1365,3,8,66,,,
1366,3,9,102,,,
1367,3,9,94,,,
1368,3,8,64,,,
1369,4,10,67,,,
1370,3,9,65,,,
1371,3,9,66,,,
1372,4,10,66,,,
1373,3,9,103,,,
1374,4,10,107,,,
1375,3,9,67,,,
1376,4,9,67,,,
1377,3,8,102,,,
1378,3,9,64,,,
1379,3,9,66,,,
1380,3,9,65,,,
1381,3,9,67,,,
1382,3,9,64,,,
1383,3,9,92,,,
1384,3,9,115,,,
1385,3,8,64,,,
1386,3,9,65,,,
1387,3,9,93,,,
1388,3,9,108,,,
1389,4,9,64,,,
1390,3,8,86,,,
1391,3,8,105,,,
1392,3,9,67,,,
1393,3,9,64,,,
1394,3,9,88,,,
1395,3,9,66,,,
1396,4,10,103,,,
1397,3,8,65,,,
1398,3,9,100,,,
1399,3,9,65,,,
1400,4,9,90,,,
1401,3,10,110,,,
1402,4,9,99,,,
1403,3,8,95,,,
1404,3,9,65,,,
1405,3,9,95,,,
1406,4,9,67,,,
1407,4,9,68,,,
1408,4,9,65,,,
1409,3,9,66,,,
1410,4,10,70,,,
1411,3,9,66,,,
1412,3,9,92,,,
1413,3,10,66,,,
1414,3,9,89,,,
1415,3,9,65,,,
1416,3,9,105,,,
1417,3,8,65,,,
1418,3,8,91,,,
1419,3,9,97,,,
1420,4,10,65,,,
1421,4,9,91,,,
1422,3,9,92,,,
1423,4,9,90,,,
1424,4,10,69,,,
1425,3,9,93,,,
1426,3,9,89,,,
1427,4,9,98,,,
1428,4,9,65,,,
1429,3,9,65,,,
1430,3,8,64,,,
1431,4,10,104,,,
1432,3,8,96,,,
1433,3,9,90,,,
1434,3,9,86,,,
1435,3,9,103,,,
1436,4,9,68,,,
1437,3,9,63,,,
1438,3,9,65,,,
1439,4,9,65,,,
1440,3,9,66,,,
1441,3,9,70,,,
1442,4,11,69,,,
1443,4,10,67,,,
1444,3,8,96,,,
1445,3,9,66,,,
1446,4,9,90,,,
1447,4,10,95,,,
1448,3,8,68,,,
1449,4,9,66,,,
1450,3,9,67,,,
1451,3,9,65,,,
1452,3,9,97,,,
1453,4,9,65,,,
1454,3,8,63,,,
1455,4,9,105,,,
1456,4,10,69,,,
1457,3,9,104,,,
1458,3,8,87,,,
1459,3,9,90,,,
1460,4,10,102,,,
1461,3,9,104,,,
1462,4,10,113,,,
1463,4,10,106,,,
1464,3,9,91,,,
1465,3,9,63,,,
1466,3,10,109,,,
1467,4,9,70,,,
1468,22,31,138,,,
1469,3,8,66,,,
1470,4,9,68,,,
1471,4,10,67,,,
1472,3,9,90,,,
1473,3,8,85,,,
1474,3,10,98,,,
1475,3,8,67,,,
1476,4,9,65,,,
1477,4,10,65,,,
1478,3,9,99,,,
1479,3,10,100,,,
1480,3,8,89,,,
1481,3,8,96,,,
1482,3,9,66,,,
1483,3,10,68,,,
1484,3,9,106,,,
1485,4,9,67,,,
1486,3,8,65,,,
1487,4,10,66,,,
1488,3,9,67,,,
1489,4,9,69,,,
1490,3,9,66,,,
1491,4,10,64,,,
1492,3,9,88,,,
1493,3,8,83,,,
1494,4,10,66,,,
1495,3,9,95,,,
1496,3,8,64,,,
1497,3,8,114,,,
1498,3,8,64,,,
1499,3,9,98,,,
1500,3,9,67,,,
1501,3,8,63,,,
1502,4,10,69,,,
1503,3,9,94,,,
1504,3,8,62,,,
1505,3,8,107,,,
1506,4,9,68,,,
1507,4,9,66,,,
1508,3,9,87,,,
1509,4,9,69,,,
1510,3,8,85,,,
1511,3,9,64,,,
1512,3,9,105,,,
1513,3,8,65,,,
1514,3,8,67,,,
1515,4,9,67,,,
1516,4,10,97,,,
1517,3,8,64,,,
1518,3,8,66,,,
1519,3,8,63,,,
1520,3,8,67,,,
1521,3,9,88,,,
1522,3,9,91,,,
1523,4,9,63,,,
1524,3,8,64,,,
1525,4,10,67,,,
1526,3,8,64,,,
1527,3,9,90,,,
1528,4,11,69,,,
1529,3,8,93,,,
1530,3,9,99,,,
1531,3,9,87,,,
1532,3,9,66,,,
1533,3,9,83,,,
1534,3,10,68,,,
1535,3,9,67,,,
1536,4,9,102,,,
1537,3,8,67,,,
1538,3,9,66,,,
1539,3,10,100,,,
1540,4,9,107,,,
1541,4,10,67,,,
1542,3,9,105,,,
1543,3,8,65,,,
1544,4,9,96,,,
1545,3,9,67,,,
1546,4,9,92,,,
1547,4,9,68,,,
1548,3,9,188,,,
1549,3,9,64,,,
1550,3,9,92,,,
1551,4,9,65,,,
1552,3,9,108,,,
1553,3,10,68,,,
1554,4,10,90,,,
1555,3,9,99,,,
1556,3,8,80,,,
1557,3,9,63,,,
1558,3,9,68,,,
1559,3,9,64,,,
1560,3,9,91,,,
1561,3,9,65,,,
1562,3,9,114,,,
1563,4,9,102,,,
1564,3,9,92,,,
1565,3,9,100,,,
1566,3,9,66,,,
1567,3,8,66,,,
1568,3,9,66,,,
1569,4,9,97,,,
1570,3,9,66,,,
1571,3,9,99,,,
1572,3,9,67,,,
1573,3,8,66,,,
1574,3,9,87,,,
1575,4,9,65,,,
1576,3,8,65,,,
1577,4,9,65,,,
1578,3,9,66,,,
1579,3,9,101,,,
1580,4,10,66,,,
1581,3,9,68,,,
1582,3,9,65,,,
1583,4,9,68,,,
1584,3,8,89,,,
1585,4,10,108,,,
1586,3,8,65,,,
1587,3,8,64,,,
1588,3,9,87,,,
1589,3,9,66,,,
1590,3,9,91,,,
1591,3,165,267,,,
1592,4,9,64,,,
1593,3,9,67,,,
1594,4,10,104,,,
1595,3,10,89,,,
1596,4,10,92,,,
1597,3,8,67,,,
1598,3,9,94,,,
1599,3,9,93,,,
1600,4,9,67,,,
1601,3,9,66,,,
1602,3,9,67,,,
1603,3,8,63,,,
1604,3,9,95,,,
1605,3,10,66,,,
1606,3,9,86,,,
1607,4,9,67,,,
1608,4,9,63,,,
1609,3,8,92,,,
1610,3,8,65,,,
1611,3,8,63,,,
1612,4,9,92,,,
1613,3,8,90,,,
1614,3,8,98,,,
1615,4,12,67,,,
1616,3,8,95,,,
1617,3,9,106,,,
1618,3,9,88,,,
1619,4,10,66,,,
1620,3,9,69,,,
1621,3,9,67,,,
1622,3,8,101,,,
1623,3,9,66,,,
1624,3,8,67,,,
1625,3,9,86,,,
1626,3,9,68,,,
1627,3,9,64,,,
1628,3,9,98,,,
1629,3,8,67,,,
1630,3,8,65,,,
1631,3,8,65,,,
1632,3,9,68,,,
1633,3,9,67,,,
1634,4,10,88,,,
1635,4,9,68,,,
1636,4,9,65,,,
1637,3,9,65,,,
1638,4,10,97,,,
1639,3,9,101,,,
1640,4,9,111,,,
1641,3,8,85,,,
1642,4,9,66,,,
1643,3,9,64,,,
1644,3,8,81,,,
1645,3,9,97,,,
1646,3,9,68,,,
1647,3,9,66,,,
1648,3,9,65,,,
1649,3,8,64,,,
1650,3,8,66,,,
1651,3,9,98,,,
1652,3,9,66,,,
1653,3,9,97,,,
1654,3,9,90,,,
1655,4,9,90,,,
1656,4,9,63,,,
1657,4,9,66,,,
1658,3,9,64,,,
1659,3,9,114,,,
1660,3,8,92,,,
1661,4,10,65,,,
1662,3,9,68,,,
1663,4,9,100,,,
1664,3,8,94,,,
1665,3,8,97,,,
1666,3,9,68,,,
1667,3,10,106,,,
1668,4,9,93,,,
1669,3,8,104,,,
1670,3,9,90,,,
1671,3,8,66,,,
1672,3,9,64,,,
1673,3,9,91,,,
1674,4,9,65,,,
1675,3,9,97,,,
1676,4,9,108,,,
1677,3,9,89,,,
1678,3,8,98,,,
1679,4,9,69,,,
1680,3,9,92,,,
1681,4,10,86,,,
1682,3,9,66,,,
1683,3,9,65,,,
1684,3,9,97,,,
1685,4,9,109,,,
1686,3,9,90,,,
1687,3,9,66,,,
1688,3,9,64,,,
1689,3,9,65,,,
1690,3,8,66,,,
1691,4,9,66,,,
1692,3,9,67,,,
1693,3,8,86,,,
1694,3,9,66,,,
1695,2,8,96,,,
1696,4,9,93,,,
1697,3,8,67,,,
1698,4,10,69,,,
1699,4,10,68,,,
1700,3,9,64,,,
1701,3,9,67,,,
1702,3,9,64,,,
1703,4,10,95,,,
1704,3,9,93,,,
1705,4,9,95,,,
1706,4,9,65,,,
1707,3,8,121,,,
1708,3,8,98,,,
1709,4,9,64,,,
1710,4,9,89,,,
1711,3,8,95,,,
1712,3,8,66,,,
1713,3,8,65,,,
1714,3,8,64,,,
1715,3,9,104,,,
1716,3,10,91,,,
1717,3,9,108,,,
1718,3,9,65,,,
1719,3,9,66,,,
1720,3,9,103,,,
1721,4,10,97,,,
1722,3,9,63,,,
1723,4,9,94,,,
1724,3,8,67,,,
1725,3,9,66,,,
1726,3,9,104,,,
1727,4,10,67,,,
1728,3,10,92,,,
1729,3,8,86,,,
1730,4,9,71,,,
1731,21,29,107,,,
1732,3,9,87,,,
1733,4,10,68,,,
1734,3,8,89,,,
1735,3,8,63,,,
1736,4,9,64,,,
1737,3,9,67,,,
1738,3,9,106,,,
1739,3,8,66,,,
1740,4,9,92,,,
1741,3,8,105,,,
1742,4,9,65,,,
1743,3,9,87,,,
1744,3,9,95,,,
1745,3,9,68,,,
1746,4,9,97,,,
1747,3,8,94,,,
1748,3,9,66,,,
1749,3,9,66,,,
1750,3,8,67,,,
1751,3,8,104,,,
1752,3,9,88,,,
1753,4,9,89,,,
1754,4,9,89,,,
1755,3,9,79,,,
1756,3,9,97,,,
1757,3,8,97,,,
1758,4,9,98,,,
1759,3,9,69,,,
1760,4,9,97,,,
1761,3,9,65,,,
1762,3,8,66,,,
1763,4,10,66,,,
1764,3,9,67,,,
1765,4,9,65,,,
1766,3,8,66,,,
1767,3,9,84,,,
1768,4,9,65,,,
1769,3,9,80,,,
1770,3,9,82,,,
1771,4,9,94,,,
1772,3,10,82,,,
1773,4,9,102,,,
1774,3,9,70,,,
1775,3,10,89,,,
1776,3,9,66,,,
1777,3,9,83,,,
1778,3,9,79,,,
1779,4,9,89,,,
1780,3,9,66,,,
1781,3,9,102,,,
1782,3,9,89,,,
1783,3,9,106,,,
1784,3,8,82,,,
1785,4,9,66,,,
1786,3,10,68,,,
1787,3,8,101,,,
1788,3,8,66,,,
1789,3,9,67,,,
1790,3,8,90,,,
1791,3,8,92,,,
1792,3,8,63,,,
1793,3,8,65,,,
1794,3,9,105,,,
1795,4,10,107,,,
1796,4,9,175,,,
1797,3,8,66,,,
1798,3,9,118,,,
1799,3,9,68,,,
1800,3,9,66,,,
1801,3,9,66,,,
1802,3,9,117,,,
1803,3,9,106,,,
1804,3,9,92,,,
1805,3,9,89,,,
1806,4,9,105,,,
1807,3,9,105,,,
1808,3,9,87,,,
1809,3,9,65,,,
1810,4,10,95,,,
1811,4,9,93,,,
1812,4,11,71,,,
1813,3,9,66,,,
1814,3,9,97,,,
1815,4,9,75,,,
1816,3,9,81,,,
1817,3,9,87,,,
1818,3,9,100,,,
1819,3,9,84,,,
1820,3,8,65,,,
1821,3,9,90,,,
1822,3,8,67,,,
1823,3,8,104,,,
1824,4,9,97,,,
1825,3,9,102,,,
1826,3,9,67,,,
1827,3,9,109,,,
1828,3,9,95,,,
1829,3,9,67,,,
1830,3,8,70,,,
1831,4,10,68,,,
1832,3,8,90,,,
1833,4,10,109,,,
1834,3,13,70,,,
1835,4,9,88,,,
1836,3,9,91,,,
1837,3,9,97,,,
1838,4,9,66,,,
1839,4,9,67,,,
1840,3,8,68,,,
1841,3,10,66,,,
1842,4,9,64,,,
1843,3,9,97,,,
1844,3,9,112,,,
1845,3,9,95,,,
1846,3,9,68,,,
1847,3,8,97,,,
1848,3,9,97,,,
1849,3,9,66,,,
1850,4,9,65,,,
1851,3,9,65,,,
1852,3,8,85,,,
1853,3,8,113,,,
1854,3,9,100,,,
1855,3,9,68,,,
1856,3,9,67,,,
1857,3,9,67,,,
1858,3,8,64,,,
1859,4,10,66,,,
1860,3,8,67,,,
1861,3,9,84,,,
1862,3,8,82,,,
1863,3,8,96,,,
1864,3,9,88,,,
1865,3,9,105,,,
1866,3,9,69,,,
1867,3,9,66,,,
1868,3,8,88,,,
1869,3,8,78,,,
1870,3,9,104,,,
1871,3,8,65,,,
1872,3,9,103,,,
1873,3,9,94,,,
1874,3,9,66,,,
1875,3,9,67,,,
1876,3,8,98,,,
1877,3,9,66,,,
1878,3,9,68,,,
1879,3,9,64,,,
1880,4,10,97,,,
1881,4,9,236,,,
1882,3,9,91,,,
1883,4,9,94,,,
1884,3,9,68,,,
1885,3,9,89,,,
1886,4,9,103,,,
1887,3,9,101,,,
1888,4,9,293,,,
1889,3,9,86,,,
1890,3,9,98,,,
1891,4,10,95,,,
1892,3,8,70,,,
1893,3,8,62,,,
1894,3,9,68,,,
1895,3,9,89,,,
1896,3,9,95,,,
1897,3,9,87,,,
1898,4,9,94,,,
1899,3,8,65,,,
1900,4,10,67,,,
1901,3,9,67,,,
1902,3,9,91,,,
1903,3,8,105,,,
1904,3,9,78,,,
1905,3,10,91,,,
1906,3,9,96,,,
1907,3,8,85,,,
1908,3,9,65,,,
1909,3,9,67,,,
1910,3,9,66,,,
1911,3,9,91,,,
1912,4,9,110,,,
1913,3,8,87,,,
1914,4,9,96,,,
1915,3,9,97,,,
1916,3,8,100,,,
1917,4,10,67,,,
1918,3,9,67,,,
1919,3,9,67,,,
1920,4,9,83,,,
1921,3,8,95,,,
1922,3,8,87,,,
1923,3,8,63,,,
1924,4,9,66,,,
1925,3,9,66,,,
1926,4,9,68,,,
1927,3,9,65,,,
1928,3,8,99,,,
1929,3,9,89,,,
1930,3,8,104,,,
1931,3,9,101,,,
1932,3,9,65,,,
1933,3,8,87,,,
1934,4,10,109,,,
1935,4,9,63,,,
1936,4,10,76,,,
1937,3,8,66,,,
1938,5,11,108,,,
1939,3,9,111,,,
1940,3,9,100,,,
1941,3,9,65,,,
1942,4,9,65,,,
1943,3,9,110,,,
1944,3,9,94,,,
1945,3,9,68,,,
1946,3,9,66,,,
1947,3,8,74,,,
1948,3,8,108,,,
1949,3,8,86,,,
1950,3,8,92,,,
1951,3,9,68,,,
1952,3,9,68,,,
1953,3,9,65,,,
1954,4,9,104,,,
1955,3,10,66,,,
1956,3,9,65,,,
1957,4,9,64,,,
1958,4,9,66,,,
1959,4,9,66,,,
1960,4,9,90,,,
1961,3,9,67,,,
1962,4,9,109,,,
1963,3,9,91,,,
1964,4,9,97,,,
1965,3,9,65,,,
1966,3,9,82,,,
1967,4,9,68,,,
1968,3,9,99,,,
1969,3,9,95,,,
1970,21,29,111,,,
1971,3,8,86,,,
1972,3,8,82,,,
1973,3,9,66,,,
1974,3,8,101,,,
1975,3,8,64,,,
1976,3,8,98,,,
1977,3,9,65,,,
1978,3,9,85,,,
1979,4,9,86,,,
1980,3,9,65,,,
1981,4,10,65,,,
1982,3,8,65,,,
1983,3,9,65,,,
1984,4,9,63,,,
1985,3,9,65,,,
1986,3,9,99,,,
1987,3,9,81,,,
1988,3,9,110,,,
1989,3,8,64,,,
1990,3,9,68,,,
1991,3,9,69,,,
1992,3,8,89,,,
1993,3,9,67,,,
1994,4,10,67,,,
1995,3,9,88,,,
1996,3,8,100,,,
1997,3,9,68,,,
1998,4,10,90,,,
1999,3,8,96,,,
2000,3,9,65,,,
2001,4,9,95,,,
2002,3,9,89,,,
2003,3,9,100,,,
2004,3,8,67,,,
2005,3,8,89,,,
2006,4,10,67,,,
2007,3,9,92,,,
2008,3,9,67,,,
2009,4,9,71,,,
2010,3,9,66,,,
2011,3,8,69,,,
2012,3,9,68,,,
2013,3,9,82,,,
2014,3,8,67,,,
2015,3,8,66,,,
2016,3,8,90,,,
2017,3,9,67,,,
2018,4,10,67,,,
2019,3,8,66,,,
2020,4,10,68,,,
2021,3,9,94,,,
2022,3,9,65,,,
2023,4,9,77,,,
2024,3,9,68,,,
2025,3,9,65,,,
2026,3,9,86,,,
2027,3,9,67,,,
2028,3,9,65,,,
2029,4,10,81,,,
2030,3,9,65,,,
2031,3,9,87,,,
2032,3,9,67,,,
2033,3,9,65,,,
2034,3,9,64,,,
2035,3,9,100,,,
2036,4,9,92,,,
2037,3,8,66,,,
2038,4,9,66,,,
2039,3,9,93,,,
2040,3,9,102,,,
2041,3,9,101,,,
2042,3,9,66,,,
2043,3,9,99,,,
2044,3,9,95,,,
2045,3,9,66,,,
2046,3,9,88,,,
2047,4,10,69,,,
2048,3,8,101,,,
2049,3,9,91,,,
2050,3,9,66,,,
2051,3,8,107,,,
2052,3,9,67,,,
2053,3,9,103,,,
2054,4,9,87,,,
2055,3,9,68,,,
2056,3,9,67,,,
2057,3,9,64,,,
2058,3,9,65,,,
2059,3,9,92,,,
2060,3,9,102,,,
2061,3,8,101,,,
2062,4,10,68,,,
2063,4,9,98,,,
2064,3,9,102,,,
2065,3,8,94,,,
2066,3,8,97,,,
2067,3,9,90,,,
2068,3,9,69,,,
2069,3,9,117,,,
2070,3,8,81,,,
2071,4,10,86,,,
2072,3,9,67,,,
2073,3,8,99,,,
2074,3,9,74,,,
2075,4,9,91,,,
2076,3,9,91,,,
2077,3,9,89,,,
2078,3,9,65,,,
2079,4,10,66,,,
2080,4,9,93,,,
2081,3,9,109,,,
2082,4,11,69,,,
2083,4,9,90,,,
2084,3,9,65,,,
2085,3,9,112,,,
2086,3,9,116,,,
2087,3,9,67,,,
2088,3,9,102,,,
2089,3,9,95,,,
2090,4,10,64,,,
2091,3,9,83,,,
2092,3,8,96,,,
2093,3,9,99,,,
2094,3,8,71,,,
2095,3,9,66,,,
2096,3,9,68,,,
2097,4,9,96,,,
2098,4,9,97,,,
2099,4,9,68,,,
2100,3,8,67,,,
2101,3,9,84,,,
2102,3,9,66,,,
2103,3,9,97,,,
2104,3,9,66,,,
2105,3,9,85,,,
2106,3,8,96,,,
2107,3,9,67,,,
2108,4,9,65,,,
2109,3,9,67,,,
2110,4,10,95,,,
2111,3,9,95,,,
2112,3,9,110,,,
2113,3,9,64,,,
2114,3,9,68,,,
2115,4,9,67,,,
2116,3,9,65,,,
2117,3,9,66,,,
2118,3,9,92,,,
2119,4,9,92,,,
2120,4,9,64,,,
2121,4,9,109,,,
2122,3,8,65,,,
2123,4,9,64,,,
2124,4,10,66,,,
2125,4,11,66,,,
2126,3,8,98,,,
2127,4,10,86,,,
2128,3,9,100,,,
2129,3,9,68,,,
2130,3,9,64,,,
2131,4,9,66,,,
2132,3,9,94,,,
2133,3,9,84,,,
2134,3,9,65,,,
2135,3,9,69,,,
2136,3,8,98,,,
2137,4,10,100,,,
2138,3,9,90,,,
2139,3,9,65,,,
2140,3,10,92,,,
2141,4,9,65,,,
2142,3,9,93,,,
2143,3,9,85,,,
2144,3,9,67,,,
2145,3,9,105,,,
2146,4,9,104,,,
2147,3,8,67,,,
2148,3,9,66,,,
2149,3,9,91,,,
2150,4,9,67,,,
2151,4,9,66,,,
2152,3,9,66,,,
2153,3,9,64,,,
2154,3,9,120,,,
2155,3,9,67,,,
2156,3,8,64,,,
2157,3,10,68,,,
2158,4,10,68,,,
2159,3,8,93,,,
2160,3,9,87,,,
2161,4,9,63,,,
2162,3,9,63,,,
2163,3,9,65,,,
2164,3,9,95,,,
2165,3,9,80,,,
2166,3,8,67,,,
2167,4,9,67,,,
2168,3,9,69,,,
2169,3,9,98,,,
2170,3,9,98,,,
2171,3,8,66,,,
2172,3,8,105,,,
2173,3,9,96,,,
2174,4,9,68,,,
2175,4,10,68,,,
2176,3,9,66,,,
2177,3,9,66,,,
2178,3,8,65,,,
2179,3,8,90,,,
2180,4,10,66,,,
2181,3,9,65,,,
2182,3,9,64,,,
2183,3,9,67,,,
2184,3,9,93,,,
2185,4,10,65,,,
2186,3,9,101,,,
2187,3,9,88,,,
2188,3,9,67,,,
2189,4,10,66,,,
2190,3,9,68,,,
2191,3,8,67,,,
2192,3,9,87,,,
2193,3,9,68,,,
2194,4,9,66,,,
2195,4,9,68,,,
2196,4,9,65,,,
2197,3,9,65,,,
2198,3,9,65,,,
2199,3,8,108,,,
2200,4,9,108,,,
2201,3,9,106,,,
2202,3,9,65,,,
2203,3,10,67,,,
2204,4,10,65,,,
2205,3,9,67,,,
2206,3,9,88,,,
2207,4,10,106,,,
2208,4,10,98,,,
2209,3,9,65,,,
2210,3,9,65,,,
2211,3,9,94,,,
2212,3,9,79,,,
2213,3,8,65,,,
2214,3,8,65,,,
2215,3,9,67,,,
2216,3,8,67,,,
2217,3,10,67,,,
2218,3,8,67,,,
2219,4,9,107,,,
2220,3,9,103,,,
2221,4,9,66,,,
2222,4,9,68,,,
2223,3,9,91,,,
2224,3,9,64,,,
2225,3,9,67,,,
2226,3,9,95,,,
2227,3,9,99,,,
2228,3,8,87,,,
2229,3,9,95,,,
2230,3,8,68,,,
2231,3,8,67,,,
2232,4,9,66,,,
2233,3,9,87,,,
2234,3,9,67,,,
2235,3,9,66,,,
2236,3,9,103,,,
2237,3,9,68,,,
2238,3,9,95,,,
2239,3,9,87,,,
2240,3,9,92,,,
2241,3,9,66,,,
2242,3,9,68,,,
2243,4,9,97,,,
2244,4,10,91,,,
2245,4,9,68,,,
2246,3,8,67,,,
2247,3,8,65,,,
2248,4,9,104,,,
2249,4,9,65,,,
2250,3,9,89,,,
2251,3,9,87,,,
2252,3,10,105,,,
2253,3,9,66,,,
2254,3,9,63,,,
2255,4,10,64,,,
2256,3,9,64,,,
2257,3,8,89,,,
2258,4,9,68,,,
2259,4,9,96,,,
2260,3,9,87,,,
2261,4,9,91,,,
2262,4,10,97,,,
2263,3,8,66,,,
2264,3,10,101,,,
2265,3,9,90,,,
2266,3,9,95,,,
2267,4,9,92,,,
2268,3,9,92,,,
2269,3,8,94,,,
2270,3,9,65,,,
2271,3,9,65,,,
2272,3,9,87,,,
2273,4,10,67,,,
2274,4,10,111,,,
2275,3,8,65,,,
2276,4,10,91,,,
2277,3,10,89,,,
2278,4,10,107,,,
2279,3,10,99,,,
2280,3,9,94,,,
2281,3,9,66,,,
2282,3,9,67,,,
2283,3,9,97,,,
2284,3,9,89,,,
2285,3,8,66,,,
2286,3,9,85,,,
2287,3,9,67,,,
2288,3,9,64,,,
2289,4,10,103,,,
2290,4,9,121,,,
2291,3,9,106,,,
2292,3,9,66,,,
2293,3,8,62,,,
2294,3,9,65,,,
2295,4,10,87,,,
2296,3,9,99,,,
2297,3,9,66,,,
2298,4,9,64,,,
2299,3,9,106,,,
2300,3,9,67,,,
2301,3,8,63,,,
2302,4,9,63,,,
2303,4,9,72,,,
2304,4,9,197,,,
2305,3,8,67,,,
2306,3,9,104,,,
2307,4,9,67,,,
2308,3,9,87,,,
2309,3,9,66,,,
2310,3,9,99,,,
2311,4,9,113,,,
2312,4,9,93,,,
2313,4,10,69,,,
2314,4,9,68,,,
2315,3,8,98,,,
2316,3,9,94,,,
2317,3,9,64,,,
2318,3,8,94,,,
2319,3,9,65,,,
2320,3,9,68,,,
2321,4,10,110,,,
2322,3,8,113,,,
2323,3,9,97,,,
2324,3,9,90,,,
2325,3,8,105,,,
2326,4,9,91,,,
2327,3,9,64,,,
2328,4,9,114,,,
2329,3,9,94,,,
2330,3,9,66,,,
2331,3,8,66,,,
2332,3,9,95,,,
2333,4,9,66,,,
2334,3,9,67,,,
2335,4,10,106,,,
2336,3,9,88,,,
2337,3,9,73,,,
2338,3,9,68,,,
2339,3,9,104,,,
2340,3,9,102,,,
2341,4,10,252,,,
2342,4,9,66,,,
2343,4,10,110,,,
2344,3,9,90,,,
2345,4,9,91,,,
2346,3,10,86,,,
2347,4,10,67,,,
2348,3,9,67,,,
2349,4,9,68,,,
2350,3,9,89,,,
2351,3,8,65,,,
2352,3,9,68,,,
2353,3,9,83,,,
2354,3,9,86,,,
2355,4,9,67,,,
2356,3,8,65,,,
2357,3,9,106,,,
2358,3,9,90,,,
2359,3,10,102,,,
2360,3,9,87,,,
2361,4,10,114,,,
2362,4,9,67,,,
2363,3,9,103,,,
2364,3,8,65,,,
2365,3,9,90,,,
2366,4,9,96,,,
2367,3,9,66,,,
2368,3,9,93,,,
2369,4,9,66,,,
2370,3,9,66,,,
2371,3,8,109,,,
2372,3,8,66,,,
2373,3,9,107,,,
2374,3,8,92,,,
2375,4,9,65,,,
2376,4,10,65,,,
2377,4,10,69,,,
2378,4,9,65,,,
2379,3,8,89,,,
2380,3,9,68,,,
2381,3,8,64,,,
2382,3,9,66,,,
2383,3,9,90,,,
2384,3,9,101,,,
2385,4,9,124,,,
2386,4,9,67,,,
2387,4,10,104,,,
2388,3,9,95,,,
2389,4,11,111,,,
2390,3,9,67,,,
2391,3,9,109,,,
2392,3,9,68,,,
2393,3,9,71,,,
2394,3,9,93,,,
2395,4,10,69,,,
2396,3,9,108,,,
2397,3,9,65,,,
2398,3,8,98,,,
2399,3,8,91,,,
2400,3,8,66,,,
2401,3,9,109,,,
2402,3,9,67,,,
2403,3,9,65,,,
2404,3,9,88,,,
2405,3,9,68,,,
2406,3,8,78,,,
2407,3,8,86,,,
2408,4,9,266,,,
2409,3,9,95,,,
2410,3,9,86,,,
2411,3,9,68,,,
2412,3,9,67,,,
2413,4,9,66,,,
2414,3,10,67,,,
2415,3,8,66,,,
2416,3,9,67,,,
2417,3,8,87,,,
2418,3,9,64,,,
2419,3,8,67,,,
2420,4,9,90,,,
2421,3,9,65,,,
2422,3,9,66,,,
2423,4,10,102,,,
2424,3,9,67,,,
2425,3,9,113,,,
2426,3,9,74,,,
2427,3,9,68,,,
2428,3,8,87,,,
2429,4,9,79,,,
2430,3,8,89,,,
2431,3,9,97,,,
2432,3,8,64,,,
2433,3,9,91,,,
2434,3,9,65,,,
2435,3,9,95,,,
2436,4,11,67,,,
2437,3,8,111,,,
2438,4,9,67,,,
2439,3,8,87,,,
2440,3,9,66,,,
2441,3,9,94,,,
2442,3,9,73,,,
2443,4,9,66,,,
2444,3,8,64,,,
2445,3,8,93,,,
2446,3,9,65,,,
2447,4,10,89,,,
2448,3,9,66,,,
2449,3,9,65,,,
2450,4,9,85,,,
2451,4,10,68,,,
2452,3,8,63,,,
2453,3,9,88,,,
2454,3,8,66,,,
2455,3,8,64,,,
2456,4,9,92,,,
2457,4,9,65,,,
2458,3,9,66,,,
2459,4,10,91,,,
2460,3,8,69,,,
2461,3,8,66,,,
2462,4,10,112,,,
2463,4,10,68,,,
2464,3,9,92,,,
2465,3,8,65,,,
2466,3,8,65,,,
2467,3,9,67,,,
2468,4,10,69,,,
2469,4,9,65,,,
2470,3,9,66,,,
2471,4,10,66,,,
2472,3,9,87,,,
2473,3,9,65,,,
2474,3,8,62,,,
2475,3,9,91,,,
2476,3,9,66,,,
2477,3,9,97,,,
2478,3,9,65,,,
2479,4,9,65,,,
2480,3,9,91,,,
2481,5,10,90,,,
2482,3,10,68,,,
2483,4,10,64,,,
2484,3,9,90,,,
2485,4,12,69,,,
2486,3,9,72,,,
2487,3,9,65,,,
2488,3,9,66,,,
2489,3,8,89,,,
2490,3,9,65,,,
2491,3,8,64,,,
2492,3,9,65,,,
2493,3,9,64,,,
2494,3,9,110,,,
2495,4,9,97,,,
2496,4,10,99,,,
2497,3,9,98,,,
2498,4,10,112,,,
