received_tx,7,CREATE,be6c8bb390ce1897a04ede0860b8d9ced322de6686dfd195a28ab55c3e650807,None,1665380079
before_tendermint,11,CREATE,be6c8bb390ce1897a04ede0860b8d9ced322de6686dfd195a28ab55c3e650807,None,1665380079
check_tx,17,CREATE,be6c8bb390ce1897a04ede0860b8d9ced322de6686dfd195a28ab55c3e650807,None,1665380079
deliver_tx,27,CREATE,be6c8bb390ce1897a04ede0860b8d9ced322de6686dfd195a28ab55c3e650807,None,1665380079
end_block,32,CREATE,be6c8bb390ce1897a04ede0860b8d9ced322de6686dfd195a28ab55c3e650807,None,1665380079
commit_tx,70,CREATE,be6c8bb390ce1897a04ede0860b8d9ced322de6686dfd195a28ab55c3e650807,None,1665380079
received_tx,6,CREATE,96a6cca5bb5a459b5e0bdd56979c3d65bdd28f10eaa63a2fa12aa7c9a01a7b36,None,1665380084
before_tendermint,10,CREATE,96a6cca5bb5a459b5e0bdd56979c3d65bdd28f10eaa63a2fa12aa7c9a01a7b36,None,1665380084
check_tx,17,CREATE,96a6cca5bb5a459b5e0bdd56979c3d65bdd28f10eaa63a2fa12aa7c9a01a7b36,None,1665380084
deliver_tx,64,CREATE,96a6cca5bb5a459b5e0bdd56979c3d65bdd28f10eaa63a2fa12aa7c9a01a7b36,None,1665380084
end_block,68,CREATE,96a6cca5bb5a459b5e0bdd56979c3d65bdd28f10eaa63a2fa12aa7c9a01a7b36,None,1665380084
commit_tx,109,CREATE,96a6cca5bb5a459b5e0bdd56979c3d65bdd28f10eaa63a2fa12aa7c9a01a7b36,None,1665380084
received_tx,6,CREATE,e41bbefa4f6cfe0adc7f26640d55ef6b4ab83fadbeee302bc5400fef3503b6c6,None,1665380089
before_tendermint,10,CREATE,e41bbefa4f6cfe0adc7f26640d55ef6b4ab83fadbeee302bc5400fef3503b6c6,None,1665380089
check_tx,16,CREATE,e41bbefa4f6cfe0adc7f26640d55ef6b4ab83fadbeee302bc5400fef3503b6c6,None,1665380089
deliver_tx,27,CREATE,e41bbefa4f6cfe0adc7f26640d55ef6b4ab83fadbeee302bc5400fef3503b6c6,None,1665380089
end_block,31,CREATE,e41bbefa4f6cfe0adc7f26640d55ef6b4ab83fadbeee302bc5400fef3503b6c6,None,1665380089
commit_tx,95,CREATE,e41bbefa4f6cfe0adc7f26640d55ef6b4ab83fadbeee302bc5400fef3503b6c6,None,1665380089
received_tx,7,CREATE,939c5b88ab21f7cbc7f95e658dcefe45d9929fba31354273fd825d12adbc8863,None,1665380094
before_tendermint,11,CREATE,939c5b88ab21f7cbc7f95e658dcefe45d9929fba31354273fd825d12adbc8863,None,1665380094
check_tx,18,CREATE,939c5b88ab21f7cbc7f95e658dcefe45d9929fba31354273fd825d12adbc8863,None,1665380094
deliver_tx,29,CREATE,939c5b88ab21f7cbc7f95e658dcefe45d9929fba31354273fd825d12adbc8863,None,1665380094
end_block,34,CREATE,939c5b88ab21f7cbc7f95e658dcefe45d9929fba31354273fd825d12adbc8863,None,1665380094
commit_tx,75,CREATE,939c5b88ab21f7cbc7f95e658dcefe45d9929fba31354273fd825d12adbc8863,None,1665380094
received_tx,6,CREATE,1bece41b38cff35e4065cec8dfd5833bf4e519e4e6e19e6975c250edf367f905,None,1665380099
before_tendermint,10,CREATE,1bece41b38cff35e4065cec8dfd5833bf4e519e4e6e19e6975c250edf367f905,None,1665380099
check_tx,17,CREATE,1bece41b38cff35e4065cec8dfd5833bf4e519e4e6e19e6975c250edf367f905,None,1665380099
deliver_tx,29,CREATE,1bece41b38cff35e4065cec8dfd5833bf4e519e4e6e19e6975c250edf367f905,None,1665380099
end_block,33,CREATE,1bece41b38cff35e4065cec8dfd5833bf4e519e4e6e19e6975c250edf367f905,None,1665380099
commit_tx,73,CREATE,1bece41b38cff35e4065cec8dfd5833bf4e519e4e6e19e6975c250edf367f905,None,1665380099
received_tx,7,CREATE,8fb3a04874e787718e29bd9092214ea239fb571c7677af94df5f57d399573ee4,None,1665380104
before_tendermint,11,CREATE,8fb3a04874e787718e29bd9092214ea239fb571c7677af94df5f57d399573ee4,None,1665380104
check_tx,17,CREATE,8fb3a04874e787718e29bd9092214ea239fb571c7677af94df5f57d399573ee4,None,1665380104
deliver_tx,27,CREATE,8fb3a04874e787718e29bd9092214ea239fb571c7677af94df5f57d399573ee4,None,1665380104
end_block,32,CREATE,8fb3a04874e787718e29bd9092214ea239fb571c7677af94df5f57d399573ee4,None,1665380104
commit_tx,72,CREATE,8fb3a04874e787718e29bd9092214ea239fb571c7677af94df5f57d399573ee4,None,1665380104
received_tx,7,CREATE,2693746d98c356c1394b22f4d1b05a5360eaaddbe352e41c1158e4e268fd4e92,None,1665380109
before_tendermint,11,CREATE,2693746d98c356c1394b22f4d1b05a5360eaaddbe352e41c1158e4e268fd4e92,None,1665380109
check_tx,18,CREATE,2693746d98c356c1394b22f4d1b05a5360eaaddbe352e41c1158e4e268fd4e92,None,1665380109
deliver_tx,29,CREATE,2693746d98c356c1394b22f4d1b05a5360eaaddbe352e41c1158e4e268fd4e92,None,1665380109
end_block,33,CREATE,2693746d98c356c1394b22f4d1b05a5360eaaddbe352e41c1158e4e268fd4e92,None,1665380109
commit_tx,74,CREATE,2693746d98c356c1394b22f4d1b05a5360eaaddbe352e41c1158e4e268fd4e92,None,1665380109
received_tx,6,CREATE,25567e92c7e7733a7ca79f2b1d188018c7b24719fbbbef5f80a11cc6e807db60,None,1665380114
before_tendermint,10,CREATE,25567e92c7e7733a7ca79f2b1d188018c7b24719fbbbef5f80a11cc6e807db60,None,1665380114
check_tx,16,CREATE,25567e92c7e7733a7ca79f2b1d188018c7b24719fbbbef5f80a11cc6e807db60,None,1665380114
deliver_tx,27,CREATE,25567e92c7e7733a7ca79f2b1d188018c7b24719fbbbef5f80a11cc6e807db60,None,1665380114
end_block,32,CREATE,25567e92c7e7733a7ca79f2b1d188018c7b24719fbbbef5f80a11cc6e807db60,None,1665380114
commit_tx,73,CREATE,25567e92c7e7733a7ca79f2b1d188018c7b24719fbbbef5f80a11cc6e807db60,None,1665380114
received_tx,6,CREATE,58ccff814f5b7a077c55a62fa78d6a8d3bd9c6a56ef5617f6a2d578777a55e7d,None,1665380119
before_tendermint,10,CREATE,58ccff814f5b7a077c55a62fa78d6a8d3bd9c6a56ef5617f6a2d578777a55e7d,None,1665380119
check_tx,16,CREATE,58ccff814f5b7a077c55a62fa78d6a8d3bd9c6a56ef5617f6a2d578777a55e7d,None,1665380119
deliver_tx,27,CREATE,58ccff814f5b7a077c55a62fa78d6a8d3bd9c6a56ef5617f6a2d578777a55e7d,None,1665380119
end_block,32,CREATE,58ccff814f5b7a077c55a62fa78d6a8d3bd9c6a56ef5617f6a2d578777a55e7d,None,1665380119
commit_tx,72,CREATE,58ccff814f5b7a077c55a62fa78d6a8d3bd9c6a56ef5617f6a2d578777a55e7d,None,1665380119
received_tx,7,CREATE,d3528fa8b07fcd0ad12e5af3bdb7d33bb35b37483c5a18174b064d49edc7a4b7,None,1665380124
before_tendermint,11,CREATE,d3528fa8b07fcd0ad12e5af3bdb7d33bb35b37483c5a18174b064d49edc7a4b7,None,1665380124
check_tx,17,CREATE,d3528fa8b07fcd0ad12e5af3bdb7d33bb35b37483c5a18174b064d49edc7a4b7,None,1665380124
deliver_tx,58,CREATE,d3528fa8b07fcd0ad12e5af3bdb7d33bb35b37483c5a18174b064d49edc7a4b7,None,1665380124
end_block,62,CREATE,d3528fa8b07fcd0ad12e5af3bdb7d33bb35b37483c5a18174b064d49edc7a4b7,None,1665380124
commit_tx,103,CREATE,d3528fa8b07fcd0ad12e5af3bdb7d33bb35b37483c5a18174b064d49edc7a4b7,None,1665380124
received_tx,8,CREATE,ac9110fd13d9364f6b2552875d91d5317a508cf5992aafbab0e546bae7e74ea0,None,1665380129
before_tendermint,12,CREATE,ac9110fd13d9364f6b2552875d91d5317a508cf5992aafbab0e546bae7e74ea0,None,1665380129
check_tx,18,CREATE,ac9110fd13d9364f6b2552875d91d5317a508cf5992aafbab0e546bae7e74ea0,None,1665380129
deliver_tx,53,CREATE,ac9110fd13d9364f6b2552875d91d5317a508cf5992aafbab0e546bae7e74ea0,None,1665380129
end_block,57,CREATE,ac9110fd13d9364f6b2552875d91d5317a508cf5992aafbab0e546bae7e74ea0,None,1665380129
commit_tx,98,CREATE,ac9110fd13d9364f6b2552875d91d5317a508cf5992aafbab0e546bae7e74ea0,None,1665380129
received_tx,7,CREATE,fdb31d22fb91e19fe0d54783cefe9c63001d49b3a44aaef64f9c03ecd6ae5ca5,None,1665380134
before_tendermint,11,CREATE,fdb31d22fb91e19fe0d54783cefe9c63001d49b3a44aaef64f9c03ecd6ae5ca5,None,1665380134
check_tx,17,CREATE,fdb31d22fb91e19fe0d54783cefe9c63001d49b3a44aaef64f9c03ecd6ae5ca5,None,1665380134
deliver_tx,55,CREATE,fdb31d22fb91e19fe0d54783cefe9c63001d49b3a44aaef64f9c03ecd6ae5ca5,None,1665380134
end_block,59,CREATE,fdb31d22fb91e19fe0d54783cefe9c63001d49b3a44aaef64f9c03ecd6ae5ca5,None,1665380134
commit_tx,103,CREATE,fdb31d22fb91e19fe0d54783cefe9c63001d49b3a44aaef64f9c03ecd6ae5ca5,None,1665380134
received_tx,7,CREATE,2bf84151bbf4aefee8c91b3e114dec7174043ab36f0987acbeb8c13132e9b9a8,None,1665380139
before_tendermint,11,CREATE,2bf84151bbf4aefee8c91b3e114dec7174043ab36f0987acbeb8c13132e9b9a8,None,1665380139
check_tx,17,CREATE,2bf84151bbf4aefee8c91b3e114dec7174043ab36f0987acbeb8c13132e9b9a8,None,1665380139
deliver_tx,50,CREATE,2bf84151bbf4aefee8c91b3e114dec7174043ab36f0987acbeb8c13132e9b9a8,None,1665380139
end_block,54,CREATE,2bf84151bbf4aefee8c91b3e114dec7174043ab36f0987acbeb8c13132e9b9a8,None,1665380139
commit_tx,95,CREATE,2bf84151bbf4aefee8c91b3e114dec7174043ab36f0987acbeb8c13132e9b9a8,None,1665380139
received_tx,7,CREATE,0a02958d946faf91f6993ebb81de0c7d51978c15d17526560b4fc74de5cd9bfd,None,1665380144
before_tendermint,11,CREATE,0a02958d946faf91f6993ebb81de0c7d51978c15d17526560b4fc74de5cd9bfd,None,1665380144
check_tx,18,CREATE,0a02958d946faf91f6993ebb81de0c7d51978c15d17526560b4fc74de5cd9bfd,None,1665380144
deliver_tx,28,CREATE,0a02958d946faf91f6993ebb81de0c7d51978c15d17526560b4fc74de5cd9bfd,None,1665380144
end_block,33,CREATE,0a02958d946faf91f6993ebb81de0c7d51978c15d17526560b4fc74de5cd9bfd,None,1665380144
commit_tx,74,CREATE,0a02958d946faf91f6993ebb81de0c7d51978c15d17526560b4fc74de5cd9bfd,None,1665380144
received_tx,8,CREATE,080f4d2f32d470be71f8bb6608bc57880ed9f6ef80bdb80ca633723735ab28e7,None,1665380149
before_tendermint,12,CREATE,080f4d2f32d470be71f8bb6608bc57880ed9f6ef80bdb80ca633723735ab28e7,None,1665380149
check_tx,18,CREATE,080f4d2f32d470be71f8bb6608bc57880ed9f6ef80bdb80ca633723735ab28e7,None,1665380149
deliver_tx,33,CREATE,080f4d2f32d470be71f8bb6608bc57880ed9f6ef80bdb80ca633723735ab28e7,None,1665380149
end_block,38,CREATE,080f4d2f32d470be71f8bb6608bc57880ed9f6ef80bdb80ca633723735ab28e7,None,1665380149
commit_tx,80,CREATE,080f4d2f32d470be71f8bb6608bc57880ed9f6ef80bdb80ca633723735ab28e7,None,1665380149
received_tx,7,CREATE,2f243c915ca97272b2e91d6bd804fb1c11aa3d2d71f864d7c00efb01358bf19a,None,1665380154
before_tendermint,12,CREATE,2f243c915ca97272b2e91d6bd804fb1c11aa3d2d71f864d7c00efb01358bf19a,None,1665380154
check_tx,18,CREATE,2f243c915ca97272b2e91d6bd804fb1c11aa3d2d71f864d7c00efb01358bf19a,None,1665380154
deliver_tx,29,CREATE,2f243c915ca97272b2e91d6bd804fb1c11aa3d2d71f864d7c00efb01358bf19a,None,1665380154
end_block,34,CREATE,2f243c915ca97272b2e91d6bd804fb1c11aa3d2d71f864d7c00efb01358bf19a,None,1665380154
commit_tx,75,CREATE,2f243c915ca97272b2e91d6bd804fb1c11aa3d2d71f864d7c00efb01358bf19a,None,1665380154
received_tx,8,CREATE,b9ec9b9f3f59834967adfaa2fe8ca9bedc3a29975755bfc0bf00051ef4365113,None,1665380159
before_tendermint,12,CREATE,b9ec9b9f3f59834967adfaa2fe8ca9bedc3a29975755bfc0bf00051ef4365113,None,1665380159
check_tx,18,CREATE,b9ec9b9f3f59834967adfaa2fe8ca9bedc3a29975755bfc0bf00051ef4365113,None,1665380159
deliver_tx,29,CREATE,b9ec9b9f3f59834967adfaa2fe8ca9bedc3a29975755bfc0bf00051ef4365113,None,1665380159
end_block,33,CREATE,b9ec9b9f3f59834967adfaa2fe8ca9bedc3a29975755bfc0bf00051ef4365113,None,1665380159
commit_tx,74,CREATE,b9ec9b9f3f59834967adfaa2fe8ca9bedc3a29975755bfc0bf00051ef4365113,None,1665380159
received_tx,7,CREATE,a84fb1a58c047bd5859048160e1c4c319fff266ad0e55da78012290483ea6cb1,None,1665380164
before_tendermint,12,CREATE,a84fb1a58c047bd5859048160e1c4c319fff266ad0e55da78012290483ea6cb1,None,1665380164
check_tx,18,CREATE,a84fb1a58c047bd5859048160e1c4c319fff266ad0e55da78012290483ea6cb1,None,1665380164
deliver_tx,29,CREATE,a84fb1a58c047bd5859048160e1c4c319fff266ad0e55da78012290483ea6cb1,None,1665380164
end_block,33,CREATE,a84fb1a58c047bd5859048160e1c4c319fff266ad0e55da78012290483ea6cb1,None,1665380164
commit_tx,76,CREATE,a84fb1a58c047bd5859048160e1c4c319fff266ad0e55da78012290483ea6cb1,None,1665380164
received_tx,9,CREATE,eb216e4cc97fc0b9192de23fdbb2a0d78e2e6e1ab685d0320c1d25cedddb8d24,None,1665380169
before_tendermint,13,CREATE,eb216e4cc97fc0b9192de23fdbb2a0d78e2e6e1ab685d0320c1d25cedddb8d24,None,1665380169
check_tx,19,CREATE,eb216e4cc97fc0b9192de23fdbb2a0d78e2e6e1ab685d0320c1d25cedddb8d24,None,1665380169
deliver_tx,30,CREATE,eb216e4cc97fc0b9192de23fdbb2a0d78e2e6e1ab685d0320c1d25cedddb8d24,None,1665380169
end_block,35,CREATE,eb216e4cc97fc0b9192de23fdbb2a0d78e2e6e1ab685d0320c1d25cedddb8d24,None,1665380169
commit_tx,75,CREATE,eb216e4cc97fc0b9192de23fdbb2a0d78e2e6e1ab685d0320c1d25cedddb8d24,None,1665380169
received_tx,8,CREATE,efcffc60488b2db82f2279010d1f68ee1adc0880390ae5ea682b0fe38c9b18e4,None,1665380174
before_tendermint,12,CREATE,efcffc60488b2db82f2279010d1f68ee1adc0880390ae5ea682b0fe38c9b18e4,None,1665380174
check_tx,18,CREATE,efcffc60488b2db82f2279010d1f68ee1adc0880390ae5ea682b0fe38c9b18e4,None,1665380174
deliver_tx,29,CREATE,efcffc60488b2db82f2279010d1f68ee1adc0880390ae5ea682b0fe38c9b18e4,None,1665380174
end_block,34,CREATE,efcffc60488b2db82f2279010d1f68ee1adc0880390ae5ea682b0fe38c9b18e4,None,1665380174
commit_tx,77,CREATE,efcffc60488b2db82f2279010d1f68ee1adc0880390ae5ea682b0fe38c9b18e4,None,1665380174
received_tx,9,CREATE,5eba4471813aa39edd78531e5e49445fb54e5110ae48c786d0b132643be010cd,None,1665380179
before_tendermint,13,CREATE,5eba4471813aa39edd78531e5e49445fb54e5110ae48c786d0b132643be010cd,None,1665380179
check_tx,19,CREATE,5eba4471813aa39edd78531e5e49445fb54e5110ae48c786d0b132643be010cd,None,1665380179
deliver_tx,30,CREATE,5eba4471813aa39edd78531e5e49445fb54e5110ae48c786d0b132643be010cd,None,1665380179
end_block,34,CREATE,5eba4471813aa39edd78531e5e49445fb54e5110ae48c786d0b132643be010cd,None,1665380179
commit_tx,76,CREATE,5eba4471813aa39edd78531e5e49445fb54e5110ae48c786d0b132643be010cd,None,1665380179
received_tx,9,CREATE,66705edd8abb18fb6557bf51daf97305be0009cef5d065a11bf8187c39ddff06,None,1665380184
before_tendermint,13,CREATE,66705edd8abb18fb6557bf51daf97305be0009cef5d065a11bf8187c39ddff06,None,1665380184
check_tx,19,CREATE,66705edd8abb18fb6557bf51daf97305be0009cef5d065a11bf8187c39ddff06,None,1665380184
deliver_tx,30,CREATE,66705edd8abb18fb6557bf51daf97305be0009cef5d065a11bf8187c39ddff06,None,1665380184
end_block,35,CREATE,66705edd8abb18fb6557bf51daf97305be0009cef5d065a11bf8187c39ddff06,None,1665380184
commit_tx,75,CREATE,66705edd8abb18fb6557bf51daf97305be0009cef5d065a11bf8187c39ddff06,None,1665380184
received_tx,7,CREATE,e0d24b6545769f89b19dbddb6772fb4e37d3368be56c324a110369c29c9b9aa1,None,1665380189
before_tendermint,11,CREATE,e0d24b6545769f89b19dbddb6772fb4e37d3368be56c324a110369c29c9b9aa1,None,1665380189
check_tx,18,CREATE,e0d24b6545769f89b19dbddb6772fb4e37d3368be56c324a110369c29c9b9aa1,None,1665380189
deliver_tx,28,CREATE,e0d24b6545769f89b19dbddb6772fb4e37d3368be56c324a110369c29c9b9aa1,None,1665380189
end_block,33,CREATE,e0d24b6545769f89b19dbddb6772fb4e37d3368be56c324a110369c29c9b9aa1,None,1665380189
commit_tx,73,CREATE,e0d24b6545769f89b19dbddb6772fb4e37d3368be56c324a110369c29c9b9aa1,None,1665380189
received_tx,8,CREATE,919dc15efde99105d7f5d7282428bf84c751524b91c7d060f9fe1f2bbd91fbc3,None,1665380194
before_tendermint,12,CREATE,919dc15efde99105d7f5d7282428bf84c751524b91c7d060f9fe1f2bbd91fbc3,None,1665380194
check_tx,19,CREATE,919dc15efde99105d7f5d7282428bf84c751524b91c7d060f9fe1f2bbd91fbc3,None,1665380194
deliver_tx,30,CREATE,919dc15efde99105d7f5d7282428bf84c751524b91c7d060f9fe1f2bbd91fbc3,None,1665380194
end_block,35,CREATE,919dc15efde99105d7f5d7282428bf84c751524b91c7d060f9fe1f2bbd91fbc3,None,1665380194
commit_tx,77,CREATE,919dc15efde99105d7f5d7282428bf84c751524b91c7d060f9fe1f2bbd91fbc3,None,1665380194
received_tx,8,CREATE,8ff84fc63e193705fcd02041c3556454e4e0c4162d04a8dee2d3aa26b0e9a62e,None,1665380199
before_tendermint,12,CREATE,8ff84fc63e193705fcd02041c3556454e4e0c4162d04a8dee2d3aa26b0e9a62e,None,1665380199
check_tx,18,CREATE,8ff84fc63e193705fcd02041c3556454e4e0c4162d04a8dee2d3aa26b0e9a62e,None,1665380199
deliver_tx,29,CREATE,8ff84fc63e193705fcd02041c3556454e4e0c4162d04a8dee2d3aa26b0e9a62e,None,1665380199
end_block,33,CREATE,8ff84fc63e193705fcd02041c3556454e4e0c4162d04a8dee2d3aa26b0e9a62e,None,1665380199
commit_tx,74,CREATE,8ff84fc63e193705fcd02041c3556454e4e0c4162d04a8dee2d3aa26b0e9a62e,None,1665380199
received_tx,9,CREATE,ac85c26d835a46b3ccd08d3209fb7d241a875f17b8f948e027592de41640238d,None,1665380204
before_tendermint,13,CREATE,ac85c26d835a46b3ccd08d3209fb7d241a875f17b8f948e027592de41640238d,None,1665380204
check_tx,20,CREATE,ac85c26d835a46b3ccd08d3209fb7d241a875f17b8f948e027592de41640238d,None,1665380204
deliver_tx,31,CREATE,ac85c26d835a46b3ccd08d3209fb7d241a875f17b8f948e027592de41640238d,None,1665380204
end_block,36,CREATE,ac85c26d835a46b3ccd08d3209fb7d241a875f17b8f948e027592de41640238d,None,1665380204
commit_tx,77,CREATE,ac85c26d835a46b3ccd08d3209fb7d241a875f17b8f948e027592de41640238d,None,1665380204
received_tx,8,CREATE,2cbb9db0d366cc8f28df3ff7eabf7b078899219bb6ac513026c0f26b0045ddd8,None,1665380209
before_tendermint,13,CREATE,2cbb9db0d366cc8f28df3ff7eabf7b078899219bb6ac513026c0f26b0045ddd8,None,1665380209
check_tx,19,CREATE,2cbb9db0d366cc8f28df3ff7eabf7b078899219bb6ac513026c0f26b0045ddd8,None,1665380209
deliver_tx,61,CREATE,2cbb9db0d366cc8f28df3ff7eabf7b078899219bb6ac513026c0f26b0045ddd8,None,1665380209
end_block,65,CREATE,2cbb9db0d366cc8f28df3ff7eabf7b078899219bb6ac513026c0f26b0045ddd8,None,1665380209
commit_tx,108,CREATE,2cbb9db0d366cc8f28df3ff7eabf7b078899219bb6ac513026c0f26b0045ddd8,None,1665380209
received_tx,8,CREATE,ec0b5e781ddae78fe96ea3b8186c9f2a7c7398e6b15c5d2defd80d78567b7434,None,1665380214
before_tendermint,13,CREATE,ec0b5e781ddae78fe96ea3b8186c9f2a7c7398e6b15c5d2defd80d78567b7434,None,1665380214
check_tx,19,CREATE,ec0b5e781ddae78fe96ea3b8186c9f2a7c7398e6b15c5d2defd80d78567b7434,None,1665380214
deliver_tx,48,CREATE,ec0b5e781ddae78fe96ea3b8186c9f2a7c7398e6b15c5d2defd80d78567b7434,None,1665380214
end_block,52,CREATE,ec0b5e781ddae78fe96ea3b8186c9f2a7c7398e6b15c5d2defd80d78567b7434,None,1665380214
commit_tx,95,CREATE,ec0b5e781ddae78fe96ea3b8186c9f2a7c7398e6b15c5d2defd80d78567b7434,None,1665380214
received_tx,9,CREATE,fb40296a6902977eff14eb5df63ed5b6366546bcc2bd36abae486dd6e7460c3e,None,1665380219
before_tendermint,13,CREATE,fb40296a6902977eff14eb5df63ed5b6366546bcc2bd36abae486dd6e7460c3e,None,1665380219
check_tx,19,CREATE,fb40296a6902977eff14eb5df63ed5b6366546bcc2bd36abae486dd6e7460c3e,None,1665380219
deliver_tx,47,CREATE,fb40296a6902977eff14eb5df63ed5b6366546bcc2bd36abae486dd6e7460c3e,None,1665380219
end_block,51,CREATE,fb40296a6902977eff14eb5df63ed5b6366546bcc2bd36abae486dd6e7460c3e,None,1665380219
commit_tx,94,CREATE,fb40296a6902977eff14eb5df63ed5b6366546bcc2bd36abae486dd6e7460c3e,None,1665380219
received_tx,8,CREATE,c894a67bc7495eecd23166cb78e74df7197fb6a77df7e1c7e7f060bd794a784c,None,1665380224
before_tendermint,12,CREATE,c894a67bc7495eecd23166cb78e74df7197fb6a77df7e1c7e7f060bd794a784c,None,1665380224
check_tx,19,CREATE,c894a67bc7495eecd23166cb78e74df7197fb6a77df7e1c7e7f060bd794a784c,None,1665380224
deliver_tx,30,CREATE,c894a67bc7495eecd23166cb78e74df7197fb6a77df7e1c7e7f060bd794a784c,None,1665380224
end_block,35,CREATE,c894a67bc7495eecd23166cb78e74df7197fb6a77df7e1c7e7f060bd794a784c,None,1665380224
commit_tx,76,CREATE,c894a67bc7495eecd23166cb78e74df7197fb6a77df7e1c7e7f060bd794a784c,None,1665380224
received_tx,8,CREATE,ad4fb80c66cbf0248f82209f70f0524abc8d7cefd2a81ce0c087beda6937f51e,None,1665380229
before_tendermint,13,CREATE,ad4fb80c66cbf0248f82209f70f0524abc8d7cefd2a81ce0c087beda6937f51e,None,1665380229
check_tx,19,CREATE,ad4fb80c66cbf0248f82209f70f0524abc8d7cefd2a81ce0c087beda6937f51e,None,1665380229
deliver_tx,52,CREATE,ad4fb80c66cbf0248f82209f70f0524abc8d7cefd2a81ce0c087beda6937f51e,None,1665380229
end_block,56,CREATE,ad4fb80c66cbf0248f82209f70f0524abc8d7cefd2a81ce0c087beda6937f51e,None,1665380229
commit_tx,99,CREATE,ad4fb80c66cbf0248f82209f70f0524abc8d7cefd2a81ce0c087beda6937f51e,None,1665380229
received_tx,9,CREATE,bf7c73af1e11c1f75e68efe4e1edde02fd68d4bbbeda0256d8f414ed286a89b2,None,1665380234
before_tendermint,13,CREATE,bf7c73af1e11c1f75e68efe4e1edde02fd68d4bbbeda0256d8f414ed286a89b2,None,1665380234
check_tx,20,CREATE,bf7c73af1e11c1f75e68efe4e1edde02fd68d4bbbeda0256d8f414ed286a89b2,None,1665380234
deliver_tx,31,CREATE,bf7c73af1e11c1f75e68efe4e1edde02fd68d4bbbeda0256d8f414ed286a89b2,None,1665380234
end_block,35,CREATE,bf7c73af1e11c1f75e68efe4e1edde02fd68d4bbbeda0256d8f414ed286a89b2,None,1665380234
commit_tx,78,CREATE,bf7c73af1e11c1f75e68efe4e1edde02fd68d4bbbeda0256d8f414ed286a89b2,None,1665380234
received_tx,9,CREATE,264479b192f9d464c5c5867d8dac1de964c9a1a7409a7248901bf647850f706e,None,1665380239
before_tendermint,13,CREATE,264479b192f9d464c5c5867d8dac1de964c9a1a7409a7248901bf647850f706e,None,1665380239
check_tx,19,CREATE,264479b192f9d464c5c5867d8dac1de964c9a1a7409a7248901bf647850f706e,None,1665380239
deliver_tx,30,CREATE,264479b192f9d464c5c5867d8dac1de964c9a1a7409a7248901bf647850f706e,None,1665380239
end_block,35,CREATE,264479b192f9d464c5c5867d8dac1de964c9a1a7409a7248901bf647850f706e,None,1665380239
commit_tx,76,CREATE,264479b192f9d464c5c5867d8dac1de964c9a1a7409a7248901bf647850f706e,None,1665380239
received_tx,9,CREATE,2e9b21ac317e8025d403bbf3b65a35577931a38c63a49f10294d92ff5aedb5b4,None,1665380244
before_tendermint,13,CREATE,2e9b21ac317e8025d403bbf3b65a35577931a38c63a49f10294d92ff5aedb5b4,None,1665380244
check_tx,19,CREATE,2e9b21ac317e8025d403bbf3b65a35577931a38c63a49f10294d92ff5aedb5b4,None,1665380244
deliver_tx,69,CREATE,2e9b21ac317e8025d403bbf3b65a35577931a38c63a49f10294d92ff5aedb5b4,None,1665380244
end_block,74,CREATE,2e9b21ac317e8025d403bbf3b65a35577931a38c63a49f10294d92ff5aedb5b4,None,1665380244
commit_tx,115,CREATE,2e9b21ac317e8025d403bbf3b65a35577931a38c63a49f10294d92ff5aedb5b4,None,1665380244
received_tx,8,CREATE,a2ccf28209c072e696c1a85b5439bf756efcdc74df062f169269ab4d3a8b81b7,None,1665380249
before_tendermint,12,CREATE,a2ccf28209c072e696c1a85b5439bf756efcdc74df062f169269ab4d3a8b81b7,None,1665380249
check_tx,19,CREATE,a2ccf28209c072e696c1a85b5439bf756efcdc74df062f169269ab4d3a8b81b7,None,1665380249
deliver_tx,59,CREATE,a2ccf28209c072e696c1a85b5439bf756efcdc74df062f169269ab4d3a8b81b7,None,1665380249
end_block,64,CREATE,a2ccf28209c072e696c1a85b5439bf756efcdc74df062f169269ab4d3a8b81b7,None,1665380249
commit_tx,105,CREATE,a2ccf28209c072e696c1a85b5439bf756efcdc74df062f169269ab4d3a8b81b7,None,1665380249
received_tx,9,CREATE,2d9668114c8eb522ee2d18ad003265ecc21c50f5bff3cd1cc3e4f8e6cc259163,None,1665380254
before_tendermint,13,CREATE,2d9668114c8eb522ee2d18ad003265ecc21c50f5bff3cd1cc3e4f8e6cc259163,None,1665380254
check_tx,20,CREATE,2d9668114c8eb522ee2d18ad003265ecc21c50f5bff3cd1cc3e4f8e6cc259163,None,1665380254
deliver_tx,31,CREATE,2d9668114c8eb522ee2d18ad003265ecc21c50f5bff3cd1cc3e4f8e6cc259163,None,1665380254
end_block,35,CREATE,2d9668114c8eb522ee2d18ad003265ecc21c50f5bff3cd1cc3e4f8e6cc259163,None,1665380254
commit_tx,76,CREATE,2d9668114c8eb522ee2d18ad003265ecc21c50f5bff3cd1cc3e4f8e6cc259163,None,1665380254
received_tx,9,CREATE,7e358249e88d65ee958b3f756247f769f71ba9fd4477c296df69e90e2753f070,None,1665380259
before_tendermint,13,CREATE,7e358249e88d65ee958b3f756247f769f71ba9fd4477c296df69e90e2753f070,None,1665380259
check_tx,20,CREATE,7e358249e88d65ee958b3f756247f769f71ba9fd4477c296df69e90e2753f070,None,1665380259
deliver_tx,31,CREATE,7e358249e88d65ee958b3f756247f769f71ba9fd4477c296df69e90e2753f070,None,1665380259
end_block,36,CREATE,7e358249e88d65ee958b3f756247f769f71ba9fd4477c296df69e90e2753f070,None,1665380259
commit_tx,79,CREATE,7e358249e88d65ee958b3f756247f769f71ba9fd4477c296df69e90e2753f070,None,1665380259
received_tx,10,CREATE,48e2758d853e1685c371cffc31d1a0e480c93b2ea2156296bdbdc509362fd363,None,1665380264
before_tendermint,14,CREATE,48e2758d853e1685c371cffc31d1a0e480c93b2ea2156296bdbdc509362fd363,None,1665380264
check_tx,21,CREATE,48e2758d853e1685c371cffc31d1a0e480c93b2ea2156296bdbdc509362fd363,None,1665380264
deliver_tx,32,CREATE,48e2758d853e1685c371cffc31d1a0e480c93b2ea2156296bdbdc509362fd363,None,1665380264
end_block,37,CREATE,48e2758d853e1685c371cffc31d1a0e480c93b2ea2156296bdbdc509362fd363,None,1665380264
commit_tx,78,CREATE,48e2758d853e1685c371cffc31d1a0e480c93b2ea2156296bdbdc509362fd363,None,1665380264
received_tx,9,CREATE,7182c0caafe65f0b10a3f8a148e37fd3849213b2afe9d90df4fcbce816c7a583,None,1665380269
before_tendermint,13,CREATE,7182c0caafe65f0b10a3f8a148e37fd3849213b2afe9d90df4fcbce816c7a583,None,1665380269
check_tx,19,CREATE,7182c0caafe65f0b10a3f8a148e37fd3849213b2afe9d90df4fcbce816c7a583,None,1665380269
deliver_tx,30,CREATE,7182c0caafe65f0b10a3f8a148e37fd3849213b2afe9d90df4fcbce816c7a583,None,1665380269
end_block,35,CREATE,7182c0caafe65f0b10a3f8a148e37fd3849213b2afe9d90df4fcbce816c7a583,None,1665380269
commit_tx,76,CREATE,7182c0caafe65f0b10a3f8a148e37fd3849213b2afe9d90df4fcbce816c7a583,None,1665380269
received_tx,10,CREATE,1c0a0c9026fc3a49730e668da2f6cbc356afb782cc69ae6c165cf3f84e381076,None,1665380274
before_tendermint,14,CREATE,1c0a0c9026fc3a49730e668da2f6cbc356afb782cc69ae6c165cf3f84e381076,None,1665380274
check_tx,21,CREATE,1c0a0c9026fc3a49730e668da2f6cbc356afb782cc69ae6c165cf3f84e381076,None,1665380274
deliver_tx,32,CREATE,1c0a0c9026fc3a49730e668da2f6cbc356afb782cc69ae6c165cf3f84e381076,None,1665380274
end_block,37,CREATE,1c0a0c9026fc3a49730e668da2f6cbc356afb782cc69ae6c165cf3f84e381076,None,1665380274
commit_tx,79,CREATE,1c0a0c9026fc3a49730e668da2f6cbc356afb782cc69ae6c165cf3f84e381076,None,1665380274
received_tx,10,CREATE,e621f14d2b9be6073a45a9c2a41df52f8de5df0a4970f4618f55f45bdb6b6ab2,None,1665380279
before_tendermint,14,CREATE,e621f14d2b9be6073a45a9c2a41df52f8de5df0a4970f4618f55f45bdb6b6ab2,None,1665380279
check_tx,20,CREATE,e621f14d2b9be6073a45a9c2a41df52f8de5df0a4970f4618f55f45bdb6b6ab2,None,1665380279
deliver_tx,31,CREATE,e621f14d2b9be6073a45a9c2a41df52f8de5df0a4970f4618f55f45bdb6b6ab2,None,1665380279
end_block,35,CREATE,e621f14d2b9be6073a45a9c2a41df52f8de5df0a4970f4618f55f45bdb6b6ab2,None,1665380279
commit_tx,78,CREATE,e621f14d2b9be6073a45a9c2a41df52f8de5df0a4970f4618f55f45bdb6b6ab2,None,1665380279
received_tx,9,CREATE,7aaa9eaac9635f67c64ada56be3e1db24283a24523f54634d45264f99a8932aa,None,1665380284
before_tendermint,13,CREATE,7aaa9eaac9635f67c64ada56be3e1db24283a24523f54634d45264f99a8932aa,None,1665380284
check_tx,19,CREATE,7aaa9eaac9635f67c64ada56be3e1db24283a24523f54634d45264f99a8932aa,None,1665380284
deliver_tx,79,CREATE,7aaa9eaac9635f67c64ada56be3e1db24283a24523f54634d45264f99a8932aa,None,1665380284
end_block,83,CREATE,7aaa9eaac9635f67c64ada56be3e1db24283a24523f54634d45264f99a8932aa,None,1665380284
commit_tx,124,CREATE,7aaa9eaac9635f67c64ada56be3e1db24283a24523f54634d45264f99a8932aa,None,1665380284
received_tx,9,CREATE,2ddcf53a5dcc6a213cc0557c82624783647e0bb78eb7549eef6edd28a5de0b52,None,1665380289
before_tendermint,13,CREATE,2ddcf53a5dcc6a213cc0557c82624783647e0bb78eb7549eef6edd28a5de0b52,None,1665380289
check_tx,19,CREATE,2ddcf53a5dcc6a213cc0557c82624783647e0bb78eb7549eef6edd28a5de0b52,None,1665380289
deliver_tx,59,CREATE,2ddcf53a5dcc6a213cc0557c82624783647e0bb78eb7549eef6edd28a5de0b52,None,1665380289
end_block,64,CREATE,2ddcf53a5dcc6a213cc0557c82624783647e0bb78eb7549eef6edd28a5de0b52,None,1665380289
commit_tx,106,CREATE,2ddcf53a5dcc6a213cc0557c82624783647e0bb78eb7549eef6edd28a5de0b52,None,1665380289
received_tx,11,CREATE,38014bf7f81f2952461b2a457ebb248f99ea91a34c472ad97cb077d7718a45b7,None,1665380294
before_tendermint,15,CREATE,38014bf7f81f2952461b2a457ebb248f99ea91a34c472ad97cb077d7718a45b7,None,1665380294
check_tx,21,CREATE,38014bf7f81f2952461b2a457ebb248f99ea91a34c472ad97cb077d7718a45b7,None,1665380294
deliver_tx,33,CREATE,38014bf7f81f2952461b2a457ebb248f99ea91a34c472ad97cb077d7718a45b7,None,1665380294
end_block,37,CREATE,38014bf7f81f2952461b2a457ebb248f99ea91a34c472ad97cb077d7718a45b7,None,1665380294
commit_tx,78,CREATE,38014bf7f81f2952461b2a457ebb248f99ea91a34c472ad97cb077d7718a45b7,None,1665380294
received_tx,9,CREATE,2b1481d84cee6473b1d0cee46d624b487f51ba1b127f27212d6f9299b962b697,None,1665380299
before_tendermint,13,CREATE,2b1481d84cee6473b1d0cee46d624b487f51ba1b127f27212d6f9299b962b697,None,1665380299
check_tx,20,CREATE,2b1481d84cee6473b1d0cee46d624b487f51ba1b127f27212d6f9299b962b697,None,1665380299
deliver_tx,31,CREATE,2b1481d84cee6473b1d0cee46d624b487f51ba1b127f27212d6f9299b962b697,None,1665380299
end_block,36,CREATE,2b1481d84cee6473b1d0cee46d624b487f51ba1b127f27212d6f9299b962b697,None,1665380299
commit_tx,76,CREATE,2b1481d84cee6473b1d0cee46d624b487f51ba1b127f27212d6f9299b962b697,None,1665380299
received_tx,11,CREATE,5972113a8c70e7d91cea493a075d102ad9c7af2f13bfc62051a9f687c32e70f1,None,1665380304
before_tendermint,15,CREATE,5972113a8c70e7d91cea493a075d102ad9c7af2f13bfc62051a9f687c32e70f1,None,1665380304
check_tx,21,CREATE,5972113a8c70e7d91cea493a075d102ad9c7af2f13bfc62051a9f687c32e70f1,None,1665380304
deliver_tx,33,CREATE,5972113a8c70e7d91cea493a075d102ad9c7af2f13bfc62051a9f687c32e70f1,None,1665380304
end_block,37,CREATE,5972113a8c70e7d91cea493a075d102ad9c7af2f13bfc62051a9f687c32e70f1,None,1665380304
commit_tx,93,CREATE,5972113a8c70e7d91cea493a075d102ad9c7af2f13bfc62051a9f687c32e70f1,None,1665380304
received_tx,10,CREATE,91a02632652aa67ec8a29e1f0d83c6b11a64c5c9a7aeb447966753143d908fd6,None,1665380309
before_tendermint,14,CREATE,91a02632652aa67ec8a29e1f0d83c6b11a64c5c9a7aeb447966753143d908fd6,None,1665380309
check_tx,21,CREATE,91a02632652aa67ec8a29e1f0d83c6b11a64c5c9a7aeb447966753143d908fd6,None,1665380309
deliver_tx,32,CREATE,91a02632652aa67ec8a29e1f0d83c6b11a64c5c9a7aeb447966753143d908fd6,None,1665380309
end_block,36,CREATE,91a02632652aa67ec8a29e1f0d83c6b11a64c5c9a7aeb447966753143d908fd6,None,1665380309
commit_tx,76,CREATE,91a02632652aa67ec8a29e1f0d83c6b11a64c5c9a7aeb447966753143d908fd6,None,1665380309
received_tx,11,CREATE,518b9cb3ac0a73841469dd2b1705be37e27ce222d09f65a55cf7630fdb9b95c7,None,1665380314
before_tendermint,15,CREATE,518b9cb3ac0a73841469dd2b1705be37e27ce222d09f65a55cf7630fdb9b95c7,None,1665380314
check_tx,21,CREATE,518b9cb3ac0a73841469dd2b1705be37e27ce222d09f65a55cf7630fdb9b95c7,None,1665380314
deliver_tx,74,CREATE,518b9cb3ac0a73841469dd2b1705be37e27ce222d09f65a55cf7630fdb9b95c7,None,1665380314
end_block,79,CREATE,518b9cb3ac0a73841469dd2b1705be37e27ce222d09f65a55cf7630fdb9b95c7,None,1665380314
commit_tx,119,CREATE,518b9cb3ac0a73841469dd2b1705be37e27ce222d09f65a55cf7630fdb9b95c7,None,1665380314
received_tx,10,CREATE,299e7832c477b7f8b502b9691ee59ab17357440ca66b9fa2588f39fe375f2f41,None,1665380319
before_tendermint,14,CREATE,299e7832c477b7f8b502b9691ee59ab17357440ca66b9fa2588f39fe375f2f41,None,1665380319
check_tx,20,CREATE,299e7832c477b7f8b502b9691ee59ab17357440ca66b9fa2588f39fe375f2f41,None,1665380319
deliver_tx,55,CREATE,299e7832c477b7f8b502b9691ee59ab17357440ca66b9fa2588f39fe375f2f41,None,1665380319
end_block,60,CREATE,299e7832c477b7f8b502b9691ee59ab17357440ca66b9fa2588f39fe375f2f41,None,1665380319
commit_tx,100,CREATE,299e7832c477b7f8b502b9691ee59ab17357440ca66b9fa2588f39fe375f2f41,None,1665380319
received_tx,11,CREATE,46ec4ea19080ce9e1ff915f40b9c554440624012435cbccd3911ff8ba4a0274c,None,1665380324
before_tendermint,15,CREATE,46ec4ea19080ce9e1ff915f40b9c554440624012435cbccd3911ff8ba4a0274c,None,1665380324
check_tx,21,CREATE,46ec4ea19080ce9e1ff915f40b9c554440624012435cbccd3911ff8ba4a0274c,None,1665380324
deliver_tx,58,CREATE,46ec4ea19080ce9e1ff915f40b9c554440624012435cbccd3911ff8ba4a0274c,None,1665380324
end_block,63,CREATE,46ec4ea19080ce9e1ff915f40b9c554440624012435cbccd3911ff8ba4a0274c,None,1665380324
commit_tx,103,CREATE,46ec4ea19080ce9e1ff915f40b9c554440624012435cbccd3911ff8ba4a0274c,None,1665380324
received_tx,10,CREATE,77eb6cde7f485235e30a55558f428aa7db40a32c9f87a03a3e8189adfe6afc64,None,1665380329
before_tendermint,14,CREATE,77eb6cde7f485235e30a55558f428aa7db40a32c9f87a03a3e8189adfe6afc64,None,1665380329
check_tx,21,CREATE,77eb6cde7f485235e30a55558f428aa7db40a32c9f87a03a3e8189adfe6afc64,None,1665380329
deliver_tx,53,CREATE,77eb6cde7f485235e30a55558f428aa7db40a32c9f87a03a3e8189adfe6afc64,None,1665380329
end_block,58,CREATE,77eb6cde7f485235e30a55558f428aa7db40a32c9f87a03a3e8189adfe6afc64,None,1665380329
commit_tx,98,CREATE,77eb6cde7f485235e30a55558f428aa7db40a32c9f87a03a3e8189adfe6afc64,None,1665380329
received_tx,11,CREATE,129178c55b3a5552bf2dce69d5316e7fa25db0e7252de2666c64e509bc39ad4b,None,1665380334
before_tendermint,15,CREATE,129178c55b3a5552bf2dce69d5316e7fa25db0e7252de2666c64e509bc39ad4b,None,1665380334
check_tx,22,CREATE,129178c55b3a5552bf2dce69d5316e7fa25db0e7252de2666c64e509bc39ad4b,None,1665380334
deliver_tx,56,CREATE,129178c55b3a5552bf2dce69d5316e7fa25db0e7252de2666c64e509bc39ad4b,None,1665380334
end_block,61,CREATE,129178c55b3a5552bf2dce69d5316e7fa25db0e7252de2666c64e509bc39ad4b,None,1665380334
commit_tx,102,CREATE,129178c55b3a5552bf2dce69d5316e7fa25db0e7252de2666c64e509bc39ad4b,None,1665380334
received_tx,9,CREATE,c720a90fcc462036080afb8a594ffce5846dde7adfa2e2bbfb418488ad22dce0,None,1665380339
before_tendermint,14,CREATE,c720a90fcc462036080afb8a594ffce5846dde7adfa2e2bbfb418488ad22dce0,None,1665380339
check_tx,20,CREATE,c720a90fcc462036080afb8a594ffce5846dde7adfa2e2bbfb418488ad22dce0,None,1665380339
deliver_tx,54,CREATE,c720a90fcc462036080afb8a594ffce5846dde7adfa2e2bbfb418488ad22dce0,None,1665380339
end_block,58,CREATE,c720a90fcc462036080afb8a594ffce5846dde7adfa2e2bbfb418488ad22dce0,None,1665380339
commit_tx,100,CREATE,c720a90fcc462036080afb8a594ffce5846dde7adfa2e2bbfb418488ad22dce0,None,1665380339
received_tx,12,CREATE,088ede6d6dd8299097d2867749404a16b44cfc79a3384c0bc8d03db034038a73,None,1665380344
before_tendermint,16,CREATE,088ede6d6dd8299097d2867749404a16b44cfc79a3384c0bc8d03db034038a73,None,1665380344
check_tx,23,CREATE,088ede6d6dd8299097d2867749404a16b44cfc79a3384c0bc8d03db034038a73,None,1665380344
deliver_tx,35,CREATE,088ede6d6dd8299097d2867749404a16b44cfc79a3384c0bc8d03db034038a73,None,1665380344
end_block,40,CREATE,088ede6d6dd8299097d2867749404a16b44cfc79a3384c0bc8d03db034038a73,None,1665380344
commit_tx,83,CREATE,088ede6d6dd8299097d2867749404a16b44cfc79a3384c0bc8d03db034038a73,None,1665380344
received_tx,10,CREATE,e5b16136c6bdb991bfd3959d096935306d97cc5d8d14d80df1dd037b5e25ea16,None,1665380349
before_tendermint,14,CREATE,e5b16136c6bdb991bfd3959d096935306d97cc5d8d14d80df1dd037b5e25ea16,None,1665380349
check_tx,21,CREATE,e5b16136c6bdb991bfd3959d096935306d97cc5d8d14d80df1dd037b5e25ea16,None,1665380349
deliver_tx,32,CREATE,e5b16136c6bdb991bfd3959d096935306d97cc5d8d14d80df1dd037b5e25ea16,None,1665380349
end_block,36,CREATE,e5b16136c6bdb991bfd3959d096935306d97cc5d8d14d80df1dd037b5e25ea16,None,1665380349
commit_tx,78,CREATE,e5b16136c6bdb991bfd3959d096935306d97cc5d8d14d80df1dd037b5e25ea16,None,1665380349
received_tx,12,CREATE,72c7a4e994fcf48f35fe83f123d89c002937035c9375b2a4fae89619e5eecf09,None,1665380354
before_tendermint,16,CREATE,72c7a4e994fcf48f35fe83f123d89c002937035c9375b2a4fae89619e5eecf09,None,1665380354
check_tx,22,CREATE,72c7a4e994fcf48f35fe83f123d89c002937035c9375b2a4fae89619e5eecf09,None,1665380354
deliver_tx,33,CREATE,72c7a4e994fcf48f35fe83f123d89c002937035c9375b2a4fae89619e5eecf09,None,1665380354
end_block,38,CREATE,72c7a4e994fcf48f35fe83f123d89c002937035c9375b2a4fae89619e5eecf09,None,1665380354
commit_tx,77,CREATE,72c7a4e994fcf48f35fe83f123d89c002937035c9375b2a4fae89619e5eecf09,None,1665380354
received_tx,10,CREATE,9b8272ecfd88fdd40befc53962818fc61ae4d0fc78cb5c14e231abc9756003d7,None,1665380359
before_tendermint,14,CREATE,9b8272ecfd88fdd40befc53962818fc61ae4d0fc78cb5c14e231abc9756003d7,None,1665380359
check_tx,21,CREATE,9b8272ecfd88fdd40befc53962818fc61ae4d0fc78cb5c14e231abc9756003d7,None,1665380359
deliver_tx,32,CREATE,9b8272ecfd88fdd40befc53962818fc61ae4d0fc78cb5c14e231abc9756003d7,None,1665380359
end_block,36,CREATE,9b8272ecfd88fdd40befc53962818fc61ae4d0fc78cb5c14e231abc9756003d7,None,1665380359
commit_tx,79,CREATE,9b8272ecfd88fdd40befc53962818fc61ae4d0fc78cb5c14e231abc9756003d7,None,1665380359
received_tx,11,CREATE,5c1761a0072c1fb9f03a1b839d842ba9af87fe451dd559129a0b6e47a87eb9fb,None,1665380364
before_tendermint,16,CREATE,5c1761a0072c1fb9f03a1b839d842ba9af87fe451dd559129a0b6e47a87eb9fb,None,1665380364
check_tx,23,CREATE,5c1761a0072c1fb9f03a1b839d842ba9af87fe451dd559129a0b6e47a87eb9fb,None,1665380364
deliver_tx,57,CREATE,5c1761a0072c1fb9f03a1b839d842ba9af87fe451dd559129a0b6e47a87eb9fb,None,1665380364
end_block,61,CREATE,5c1761a0072c1fb9f03a1b839d842ba9af87fe451dd559129a0b6e47a87eb9fb,None,1665380364
commit_tx,102,CREATE,5c1761a0072c1fb9f03a1b839d842ba9af87fe451dd559129a0b6e47a87eb9fb,None,1665380364
received_tx,10,CREATE,27c95e29c501c5154b9c89b7915a2c2397be1bc057d6d79c462d18515799d731,None,1665380369
before_tendermint,15,CREATE,27c95e29c501c5154b9c89b7915a2c2397be1bc057d6d79c462d18515799d731,None,1665380369
check_tx,21,CREATE,27c95e29c501c5154b9c89b7915a2c2397be1bc057d6d79c462d18515799d731,None,1665380369
deliver_tx,34,CREATE,27c95e29c501c5154b9c89b7915a2c2397be1bc057d6d79c462d18515799d731,None,1665380369
end_block,38,CREATE,27c95e29c501c5154b9c89b7915a2c2397be1bc057d6d79c462d18515799d731,None,1665380369
commit_tx,80,CREATE,27c95e29c501c5154b9c89b7915a2c2397be1bc057d6d79c462d18515799d731,None,1665380369
received_tx,11,CREATE,7d3a1ed8edc4f415af12928b6815eec6e78d8e6073d6e81a600293ea9f1e4168,None,1665380374
before_tendermint,15,CREATE,7d3a1ed8edc4f415af12928b6815eec6e78d8e6073d6e81a600293ea9f1e4168,None,1665380374
check_tx,21,CREATE,7d3a1ed8edc4f415af12928b6815eec6e78d8e6073d6e81a600293ea9f1e4168,None,1665380374
deliver_tx,33,CREATE,7d3a1ed8edc4f415af12928b6815eec6e78d8e6073d6e81a600293ea9f1e4168,None,1665380374
end_block,37,CREATE,7d3a1ed8edc4f415af12928b6815eec6e78d8e6073d6e81a600293ea9f1e4168,None,1665380374
commit_tx,79,CREATE,7d3a1ed8edc4f415af12928b6815eec6e78d8e6073d6e81a600293ea9f1e4168,None,1665380374
received_tx,12,CREATE,e91c83117130636fd4f357ac6e580f2a267874f6c9af43862ea8fadb5433afb3,None,1665380379
before_tendermint,16,CREATE,e91c83117130636fd4f357ac6e580f2a267874f6c9af43862ea8fadb5433afb3,None,1665380379
check_tx,22,CREATE,e91c83117130636fd4f357ac6e580f2a267874f6c9af43862ea8fadb5433afb3,None,1665380379
deliver_tx,33,CREATE,e91c83117130636fd4f357ac6e580f2a267874f6c9af43862ea8fadb5433afb3,None,1665380379
end_block,38,CREATE,e91c83117130636fd4f357ac6e580f2a267874f6c9af43862ea8fadb5433afb3,None,1665380379
commit_tx,78,CREATE,e91c83117130636fd4f357ac6e580f2a267874f6c9af43862ea8fadb5433afb3,None,1665380379
received_tx,10,CREATE,60d6854726a7f494dd7e70d021d8a8d4c22c3e59ceb927fee6b76b9fff82bc00,None,1665380384
before_tendermint,15,CREATE,60d6854726a7f494dd7e70d021d8a8d4c22c3e59ceb927fee6b76b9fff82bc00,None,1665380384
check_tx,21,CREATE,60d6854726a7f494dd7e70d021d8a8d4c22c3e59ceb927fee6b76b9fff82bc00,None,1665380384
deliver_tx,71,CREATE,60d6854726a7f494dd7e70d021d8a8d4c22c3e59ceb927fee6b76b9fff82bc00,None,1665380384
end_block,76,CREATE,60d6854726a7f494dd7e70d021d8a8d4c22c3e59ceb927fee6b76b9fff82bc00,None,1665380384
commit_tx,118,CREATE,60d6854726a7f494dd7e70d021d8a8d4c22c3e59ceb927fee6b76b9fff82bc00,None,1665380384
received_tx,12,CREATE,25ce28346244a1c10c64d98327eee448a8c94c4d8a53965b45e7094403420bae,None,1665380389
before_tendermint,16,CREATE,25ce28346244a1c10c64d98327eee448a8c94c4d8a53965b45e7094403420bae,None,1665380389
check_tx,22,CREATE,25ce28346244a1c10c64d98327eee448a8c94c4d8a53965b45e7094403420bae,None,1665380389
deliver_tx,57,CREATE,25ce28346244a1c10c64d98327eee448a8c94c4d8a53965b45e7094403420bae,None,1665380389
end_block,61,CREATE,25ce28346244a1c10c64d98327eee448a8c94c4d8a53965b45e7094403420bae,None,1665380389
commit_tx,102,CREATE,25ce28346244a1c10c64d98327eee448a8c94c4d8a53965b45e7094403420bae,None,1665380389
received_tx,11,CREATE,e05a411ed84ae119d6cf9f4f3ab0860cff75e4b650ada8c32892ea7d6b01f711,None,1665380394
before_tendermint,16,CREATE,e05a411ed84ae119d6cf9f4f3ab0860cff75e4b650ada8c32892ea7d6b01f711,None,1665380394
check_tx,23,CREATE,e05a411ed84ae119d6cf9f4f3ab0860cff75e4b650ada8c32892ea7d6b01f711,None,1665380394
deliver_tx,58,CREATE,e05a411ed84ae119d6cf9f4f3ab0860cff75e4b650ada8c32892ea7d6b01f711,None,1665380394
end_block,62,CREATE,e05a411ed84ae119d6cf9f4f3ab0860cff75e4b650ada8c32892ea7d6b01f711,None,1665380394
commit_tx,105,CREATE,e05a411ed84ae119d6cf9f4f3ab0860cff75e4b650ada8c32892ea7d6b01f711,None,1665380394
received_tx,10,CREATE,34ce3dec05eb1ede3f96e8632d0b10c0ec1fb0cd3de93cf8aa201ef53b39b38b,None,1665380399
before_tendermint,14,CREATE,34ce3dec05eb1ede3f96e8632d0b10c0ec1fb0cd3de93cf8aa201ef53b39b38b,None,1665380399
check_tx,20,CREATE,34ce3dec05eb1ede3f96e8632d0b10c0ec1fb0cd3de93cf8aa201ef53b39b38b,None,1665380399
deliver_tx,31,CREATE,34ce3dec05eb1ede3f96e8632d0b10c0ec1fb0cd3de93cf8aa201ef53b39b38b,None,1665380399
end_block,35,CREATE,34ce3dec05eb1ede3f96e8632d0b10c0ec1fb0cd3de93cf8aa201ef53b39b38b,None,1665380399
commit_tx,74,CREATE,34ce3dec05eb1ede3f96e8632d0b10c0ec1fb0cd3de93cf8aa201ef53b39b38b,None,1665380399
received_tx,11,CREATE,f75f1a1834d331b0ad3d9f3e79322138eef7df9c698c03d16a2a2218cb1c576a,None,1665380404
before_tendermint,15,CREATE,f75f1a1834d331b0ad3d9f3e79322138eef7df9c698c03d16a2a2218cb1c576a,None,1665380404
check_tx,21,CREATE,f75f1a1834d331b0ad3d9f3e79322138eef7df9c698c03d16a2a2218cb1c576a,None,1665380404
deliver_tx,34,CREATE,f75f1a1834d331b0ad3d9f3e79322138eef7df9c698c03d16a2a2218cb1c576a,None,1665380404
end_block,39,CREATE,f75f1a1834d331b0ad3d9f3e79322138eef7df9c698c03d16a2a2218cb1c576a,None,1665380404
commit_tx,78,CREATE,f75f1a1834d331b0ad3d9f3e79322138eef7df9c698c03d16a2a2218cb1c576a,None,1665380404
received_tx,11,CREATE,75383b23e9956cd216081aa3e95de85f82e1426f60ec6f1234f698489f2413f8,None,1665380409
before_tendermint,15,CREATE,75383b23e9956cd216081aa3e95de85f82e1426f60ec6f1234f698489f2413f8,None,1665380409
check_tx,22,CREATE,75383b23e9956cd216081aa3e95de85f82e1426f60ec6f1234f698489f2413f8,None,1665380409
deliver_tx,68,CREATE,75383b23e9956cd216081aa3e95de85f82e1426f60ec6f1234f698489f2413f8,None,1665380409
end_block,72,CREATE,75383b23e9956cd216081aa3e95de85f82e1426f60ec6f1234f698489f2413f8,None,1665380409
commit_tx,113,CREATE,75383b23e9956cd216081aa3e95de85f82e1426f60ec6f1234f698489f2413f8,None,1665380409
received_tx,14,CREATE,00d27b3fee1df511cc194cd77ef3c2210ef66abece0a2d8aa96416e9a0516f32,None,1665380414
before_tendermint,18,CREATE,00d27b3fee1df511cc194cd77ef3c2210ef66abece0a2d8aa96416e9a0516f32,None,1665380414
check_tx,24,CREATE,00d27b3fee1df511cc194cd77ef3c2210ef66abece0a2d8aa96416e9a0516f32,None,1665380414
deliver_tx,36,CREATE,00d27b3fee1df511cc194cd77ef3c2210ef66abece0a2d8aa96416e9a0516f32,None,1665380414
end_block,41,CREATE,00d27b3fee1df511cc194cd77ef3c2210ef66abece0a2d8aa96416e9a0516f32,None,1665380414
commit_tx,83,CREATE,00d27b3fee1df511cc194cd77ef3c2210ef66abece0a2d8aa96416e9a0516f32,None,1665380414
received_tx,11,CREATE,1cad5e2356b3745d68c14862b3b11d68562b5633dc345506f026d268dea93a7a,None,1665380419
before_tendermint,16,CREATE,1cad5e2356b3745d68c14862b3b11d68562b5633dc345506f026d268dea93a7a,None,1665380419
check_tx,23,CREATE,1cad5e2356b3745d68c14862b3b11d68562b5633dc345506f026d268dea93a7a,None,1665380419
deliver_tx,34,CREATE,1cad5e2356b3745d68c14862b3b11d68562b5633dc345506f026d268dea93a7a,None,1665380419
end_block,39,CREATE,1cad5e2356b3745d68c14862b3b11d68562b5633dc345506f026d268dea93a7a,None,1665380419
commit_tx,114,CREATE,1cad5e2356b3745d68c14862b3b11d68562b5633dc345506f026d268dea93a7a,None,1665380419
received_tx,12,CREATE,9d2758b39119d9f433687cbe7be840a557b781abd66e30a6082e537c24c33a88,None,1665380424
before_tendermint,16,CREATE,9d2758b39119d9f433687cbe7be840a557b781abd66e30a6082e537c24c33a88,None,1665380424
check_tx,22,CREATE,9d2758b39119d9f433687cbe7be840a557b781abd66e30a6082e537c24c33a88,None,1665380424
deliver_tx,34,CREATE,9d2758b39119d9f433687cbe7be840a557b781abd66e30a6082e537c24c33a88,None,1665380424
end_block,39,CREATE,9d2758b39119d9f433687cbe7be840a557b781abd66e30a6082e537c24c33a88,None,1665380424
commit_tx,80,CREATE,9d2758b39119d9f433687cbe7be840a557b781abd66e30a6082e537c24c33a88,None,1665380424
received_tx,12,CREATE,288357e479878797d80fb26fa8269cb5f63ebddf41bcda324874ea989a0040c7,None,1665380429
before_tendermint,16,CREATE,288357e479878797d80fb26fa8269cb5f63ebddf41bcda324874ea989a0040c7,None,1665380429
check_tx,24,CREATE,288357e479878797d80fb26fa8269cb5f63ebddf41bcda324874ea989a0040c7,None,1665380429
deliver_tx,36,CREATE,288357e479878797d80fb26fa8269cb5f63ebddf41bcda324874ea989a0040c7,None,1665380429
end_block,41,CREATE,288357e479878797d80fb26fa8269cb5f63ebddf41bcda324874ea989a0040c7,None,1665380429
commit_tx,82,CREATE,288357e479878797d80fb26fa8269cb5f63ebddf41bcda324874ea989a0040c7,None,1665380429
received_tx,12,CREATE,d1e1323c105e18fe2a0e34beca4e22e3917593fcdd049691877d100b811f86a0,None,1665380434
before_tendermint,16,CREATE,d1e1323c105e18fe2a0e34beca4e22e3917593fcdd049691877d100b811f86a0,None,1665380434
check_tx,22,CREATE,d1e1323c105e18fe2a0e34beca4e22e3917593fcdd049691877d100b811f86a0,None,1665380434
deliver_tx,34,CREATE,d1e1323c105e18fe2a0e34beca4e22e3917593fcdd049691877d100b811f86a0,None,1665380434
end_block,38,CREATE,d1e1323c105e18fe2a0e34beca4e22e3917593fcdd049691877d100b811f86a0,None,1665380434
commit_tx,81,CREATE,d1e1323c105e18fe2a0e34beca4e22e3917593fcdd049691877d100b811f86a0,None,1665380434
received_tx,11,CREATE,ee017a4988fda2f5392aaf4b63b00eeaf3f6a029a6be999020e9bc4549332cf7,None,1665380439
before_tendermint,15,CREATE,ee017a4988fda2f5392aaf4b63b00eeaf3f6a029a6be999020e9bc4549332cf7,None,1665380439
check_tx,22,CREATE,ee017a4988fda2f5392aaf4b63b00eeaf3f6a029a6be999020e9bc4549332cf7,None,1665380439
deliver_tx,57,CREATE,ee017a4988fda2f5392aaf4b63b00eeaf3f6a029a6be999020e9bc4549332cf7,None,1665380439
end_block,63,CREATE,ee017a4988fda2f5392aaf4b63b00eeaf3f6a029a6be999020e9bc4549332cf7,None,1665380439
commit_tx,104,CREATE,ee017a4988fda2f5392aaf4b63b00eeaf3f6a029a6be999020e9bc4549332cf7,None,1665380439
received_tx,11,CREATE,bf319eeb3f4bfacfd2897557cd61b2c95c37e14b8902c48919ea7da54e55cb82,None,1665380444
before_tendermint,15,CREATE,bf319eeb3f4bfacfd2897557cd61b2c95c37e14b8902c48919ea7da54e55cb82,None,1665380444
check_tx,21,CREATE,bf319eeb3f4bfacfd2897557cd61b2c95c37e14b8902c48919ea7da54e55cb82,None,1665380444
deliver_tx,32,CREATE,bf319eeb3f4bfacfd2897557cd61b2c95c37e14b8902c48919ea7da54e55cb82,None,1665380444
end_block,37,CREATE,bf319eeb3f4bfacfd2897557cd61b2c95c37e14b8902c48919ea7da54e55cb82,None,1665380444
commit_tx,78,CREATE,bf319eeb3f4bfacfd2897557cd61b2c95c37e14b8902c48919ea7da54e55cb82,None,1665380444
received_tx,11,CREATE,b2685ef9db406ff9b2191eeed1ad411d3d26a19e0092819af70665af1917a10d,None,1665380449
before_tendermint,15,CREATE,b2685ef9db406ff9b2191eeed1ad411d3d26a19e0092819af70665af1917a10d,None,1665380449
check_tx,22,CREATE,b2685ef9db406ff9b2191eeed1ad411d3d26a19e0092819af70665af1917a10d,None,1665380449
deliver_tx,56,CREATE,b2685ef9db406ff9b2191eeed1ad411d3d26a19e0092819af70665af1917a10d,None,1665380449
end_block,61,CREATE,b2685ef9db406ff9b2191eeed1ad411d3d26a19e0092819af70665af1917a10d,None,1665380449
commit_tx,101,CREATE,b2685ef9db406ff9b2191eeed1ad411d3d26a19e0092819af70665af1917a10d,None,1665380449
received_tx,12,CREATE,84769b5d5fa77326bd408079844d6110237a207fc82a60ef5627f68290d142ec,None,1665380459
before_tendermint,17,CREATE,84769b5d5fa77326bd408079844d6110237a207fc82a60ef5627f68290d142ec,None,1665380459
check_tx,24,CREATE,84769b5d5fa77326bd408079844d6110237a207fc82a60ef5627f68290d142ec,None,1665380459
deliver_tx,73,CREATE,84769b5d5fa77326bd408079844d6110237a207fc82a60ef5627f68290d142ec,None,1665380459
end_block,77,CREATE,84769b5d5fa77326bd408079844d6110237a207fc82a60ef5627f68290d142ec,None,1665380459
commit_tx,119,CREATE,84769b5d5fa77326bd408079844d6110237a207fc82a60ef5627f68290d142ec,None,1665380459
received_tx,11,CREATE,b24893b6b93c24350c44ad809a31caec9ff66c560ed1a9508b3b669d099f8f39,None,1665380464
before_tendermint,16,CREATE,b24893b6b93c24350c44ad809a31caec9ff66c560ed1a9508b3b669d099f8f39,None,1665380464
check_tx,22,CREATE,b24893b6b93c24350c44ad809a31caec9ff66c560ed1a9508b3b669d099f8f39,None,1665380464
deliver_tx,34,CREATE,b24893b6b93c24350c44ad809a31caec9ff66c560ed1a9508b3b669d099f8f39,None,1665380464
end_block,39,CREATE,b24893b6b93c24350c44ad809a31caec9ff66c560ed1a9508b3b669d099f8f39,None,1665380464
commit_tx,81,CREATE,b24893b6b93c24350c44ad809a31caec9ff66c560ed1a9508b3b669d099f8f39,None,1665380464
received_tx,12,CREATE,912a27021734e883d1ac15a3a0a9753219a72898b86bdbced0cad7fa67e38fc8,None,1665380469
before_tendermint,16,CREATE,912a27021734e883d1ac15a3a0a9753219a72898b86bdbced0cad7fa67e38fc8,None,1665380469
check_tx,22,CREATE,912a27021734e883d1ac15a3a0a9753219a72898b86bdbced0cad7fa67e38fc8,None,1665380469
deliver_tx,55,CREATE,912a27021734e883d1ac15a3a0a9753219a72898b86bdbced0cad7fa67e38fc8,None,1665380469
end_block,59,CREATE,912a27021734e883d1ac15a3a0a9753219a72898b86bdbced0cad7fa67e38fc8,None,1665380469
commit_tx,100,CREATE,912a27021734e883d1ac15a3a0a9753219a72898b86bdbced0cad7fa67e38fc8,None,1665380469
received_tx,12,CREATE,8d037958e910bdddb4b3ca4f9777f146ccfee8fe4a655861b3b9dd9f78725198,None,1665380474
before_tendermint,16,CREATE,8d037958e910bdddb4b3ca4f9777f146ccfee8fe4a655861b3b9dd9f78725198,None,1665380474
check_tx,22,CREATE,8d037958e910bdddb4b3ca4f9777f146ccfee8fe4a655861b3b9dd9f78725198,None,1665380474
deliver_tx,66,CREATE,8d037958e910bdddb4b3ca4f9777f146ccfee8fe4a655861b3b9dd9f78725198,None,1665380474
end_block,71,CREATE,8d037958e910bdddb4b3ca4f9777f146ccfee8fe4a655861b3b9dd9f78725198,None,1665380474
commit_tx,110,CREATE,8d037958e910bdddb4b3ca4f9777f146ccfee8fe4a655861b3b9dd9f78725198,None,1665380474
received_tx,11,CREATE,be187c2f5c49acb0af1fdba0737685ca3719655be119c14988289037e5b50257,None,1665380479
before_tendermint,15,CREATE,be187c2f5c49acb0af1fdba0737685ca3719655be119c14988289037e5b50257,None,1665380479
check_tx,21,CREATE,be187c2f5c49acb0af1fdba0737685ca3719655be119c14988289037e5b50257,None,1665380479
deliver_tx,32,CREATE,be187c2f5c49acb0af1fdba0737685ca3719655be119c14988289037e5b50257,None,1665380479
end_block,37,CREATE,be187c2f5c49acb0af1fdba0737685ca3719655be119c14988289037e5b50257,None,1665380479
commit_tx,77,CREATE,be187c2f5c49acb0af1fdba0737685ca3719655be119c14988289037e5b50257,None,1665380479
received_tx,13,CREATE,54ce079bbf51f643fca2681d9ec2295c171f77a5a7f24453a029bc731518866e,None,1665380484
before_tendermint,17,CREATE,54ce079bbf51f643fca2681d9ec2295c171f77a5a7f24453a029bc731518866e,None,1665380484
check_tx,24,CREATE,54ce079bbf51f643fca2681d9ec2295c171f77a5a7f24453a029bc731518866e,None,1665380484
deliver_tx,52,CREATE,54ce079bbf51f643fca2681d9ec2295c171f77a5a7f24453a029bc731518866e,None,1665380484
end_block,57,CREATE,54ce079bbf51f643fca2681d9ec2295c171f77a5a7f24453a029bc731518866e,None,1665380484
commit_tx,96,CREATE,54ce079bbf51f643fca2681d9ec2295c171f77a5a7f24453a029bc731518866e,None,1665380484
received_tx,12,CREATE,7caffb733328757616fa2388455c3df79858d1b31320a9de07678b4ce4f10ba1,None,1665380489
before_tendermint,16,CREATE,7caffb733328757616fa2388455c3df79858d1b31320a9de07678b4ce4f10ba1,None,1665380489
check_tx,23,CREATE,7caffb733328757616fa2388455c3df79858d1b31320a9de07678b4ce4f10ba1,None,1665380489
deliver_tx,35,CREATE,7caffb733328757616fa2388455c3df79858d1b31320a9de07678b4ce4f10ba1,None,1665380489
end_block,39,CREATE,7caffb733328757616fa2388455c3df79858d1b31320a9de07678b4ce4f10ba1,None,1665380489
commit_tx,79,CREATE,7caffb733328757616fa2388455c3df79858d1b31320a9de07678b4ce4f10ba1,None,1665380489
received_tx,12,CREATE,3cf66794a5ebc8b0923da7098403050659767d291e9c3d6235aa99eb7ad6ce7c,None,1665380494
before_tendermint,16,CREATE,3cf66794a5ebc8b0923da7098403050659767d291e9c3d6235aa99eb7ad6ce7c,None,1665380494
check_tx,23,CREATE,3cf66794a5ebc8b0923da7098403050659767d291e9c3d6235aa99eb7ad6ce7c,None,1665380494
deliver_tx,35,CREATE,3cf66794a5ebc8b0923da7098403050659767d291e9c3d6235aa99eb7ad6ce7c,None,1665380494
end_block,40,CREATE,3cf66794a5ebc8b0923da7098403050659767d291e9c3d6235aa99eb7ad6ce7c,None,1665380494
commit_tx,81,CREATE,3cf66794a5ebc8b0923da7098403050659767d291e9c3d6235aa99eb7ad6ce7c,None,1665380494
received_tx,12,CREATE,4e6377e4a61d183440897b39d493b5c5de96f0a618219d5811610921035b29fb,None,1665380499
before_tendermint,16,CREATE,4e6377e4a61d183440897b39d493b5c5de96f0a618219d5811610921035b29fb,None,1665380499
check_tx,23,CREATE,4e6377e4a61d183440897b39d493b5c5de96f0a618219d5811610921035b29fb,None,1665380499
deliver_tx,34,CREATE,4e6377e4a61d183440897b39d493b5c5de96f0a618219d5811610921035b29fb,None,1665380499
end_block,39,CREATE,4e6377e4a61d183440897b39d493b5c5de96f0a618219d5811610921035b29fb,None,1665380499
commit_tx,80,CREATE,4e6377e4a61d183440897b39d493b5c5de96f0a618219d5811610921035b29fb,None,1665380499
received_tx,12,CREATE,29024f994d8209a0dbe649c8877b771f5219ce0cf24c8d061fe4183c1328ba44,None,1665380504
before_tendermint,16,CREATE,29024f994d8209a0dbe649c8877b771f5219ce0cf24c8d061fe4183c1328ba44,None,1665380504
check_tx,23,CREATE,29024f994d8209a0dbe649c8877b771f5219ce0cf24c8d061fe4183c1328ba44,None,1665380504
deliver_tx,34,CREATE,29024f994d8209a0dbe649c8877b771f5219ce0cf24c8d061fe4183c1328ba44,None,1665380504
end_block,39,CREATE,29024f994d8209a0dbe649c8877b771f5219ce0cf24c8d061fe4183c1328ba44,None,1665380504
commit_tx,82,CREATE,29024f994d8209a0dbe649c8877b771f5219ce0cf24c8d061fe4183c1328ba44,None,1665380504
received_tx,12,CREATE,55b1c80be4c0ae06392734db93b2fb2632be68ff4a5217f753640b1f26be4830,None,1665380509
before_tendermint,16,CREATE,55b1c80be4c0ae06392734db93b2fb2632be68ff4a5217f753640b1f26be4830,None,1665380509
check_tx,22,CREATE,55b1c80be4c0ae06392734db93b2fb2632be68ff4a5217f753640b1f26be4830,None,1665380509
deliver_tx,33,CREATE,55b1c80be4c0ae06392734db93b2fb2632be68ff4a5217f753640b1f26be4830,None,1665380509
end_block,38,CREATE,55b1c80be4c0ae06392734db93b2fb2632be68ff4a5217f753640b1f26be4830,None,1665380509
commit_tx,77,CREATE,55b1c80be4c0ae06392734db93b2fb2632be68ff4a5217f753640b1f26be4830,None,1665380509
received_tx,13,CREATE,a8c7633ace4a7486088747275c65c965b730c360b30fac173e633c739793fc54,None,1665380514
before_tendermint,17,CREATE,a8c7633ace4a7486088747275c65c965b730c360b30fac173e633c739793fc54,None,1665380514
check_tx,23,CREATE,a8c7633ace4a7486088747275c65c965b730c360b30fac173e633c739793fc54,None,1665380514
deliver_tx,57,CREATE,a8c7633ace4a7486088747275c65c965b730c360b30fac173e633c739793fc54,None,1665380514
end_block,62,CREATE,a8c7633ace4a7486088747275c65c965b730c360b30fac173e633c739793fc54,None,1665380514
commit_tx,103,CREATE,a8c7633ace4a7486088747275c65c965b730c360b30fac173e633c739793fc54,None,1665380514
received_tx,11,CREATE,7b2ea09c14fd729822133236dc8a277b44d2722e5b599335a68691db253621d1,None,1665380519
before_tendermint,15,CREATE,7b2ea09c14fd729822133236dc8a277b44d2722e5b599335a68691db253621d1,None,1665380519
check_tx,21,CREATE,7b2ea09c14fd729822133236dc8a277b44d2722e5b599335a68691db253621d1,None,1665380519
deliver_tx,53,CREATE,7b2ea09c14fd729822133236dc8a277b44d2722e5b599335a68691db253621d1,None,1665380519
end_block,58,CREATE,7b2ea09c14fd729822133236dc8a277b44d2722e5b599335a68691db253621d1,None,1665380519
commit_tx,98,CREATE,7b2ea09c14fd729822133236dc8a277b44d2722e5b599335a68691db253621d1,None,1665380519
received_tx,13,CREATE,4df48405cca2b61f98bbdaa8ab77df34922ff86e7523a4dd21706c31e5ea08a6,None,1665380524
before_tendermint,17,CREATE,4df48405cca2b61f98bbdaa8ab77df34922ff86e7523a4dd21706c31e5ea08a6,None,1665380524
check_tx,23,CREATE,4df48405cca2b61f98bbdaa8ab77df34922ff86e7523a4dd21706c31e5ea08a6,None,1665380524
deliver_tx,34,CREATE,4df48405cca2b61f98bbdaa8ab77df34922ff86e7523a4dd21706c31e5ea08a6,None,1665380524
end_block,39,CREATE,4df48405cca2b61f98bbdaa8ab77df34922ff86e7523a4dd21706c31e5ea08a6,None,1665380524
commit_tx,81,CREATE,4df48405cca2b61f98bbdaa8ab77df34922ff86e7523a4dd21706c31e5ea08a6,None,1665380524
received_tx,12,CREATE,e197c1f506fd61c70915cda8f42bb1eef6e7315ce4573278cc9b248438ad374e,None,1665380529
before_tendermint,16,CREATE,e197c1f506fd61c70915cda8f42bb1eef6e7315ce4573278cc9b248438ad374e,None,1665380529
check_tx,23,CREATE,e197c1f506fd61c70915cda8f42bb1eef6e7315ce4573278cc9b248438ad374e,None,1665380529
deliver_tx,33,CREATE,e197c1f506fd61c70915cda8f42bb1eef6e7315ce4573278cc9b248438ad374e,None,1665380529
end_block,38,CREATE,e197c1f506fd61c70915cda8f42bb1eef6e7315ce4573278cc9b248438ad374e,None,1665380529
commit_tx,80,CREATE,e197c1f506fd61c70915cda8f42bb1eef6e7315ce4573278cc9b248438ad374e,None,1665380529
received_tx,13,CREATE,d38686a9c1f8d657a6dd4e430b7d2e92dedd045fe687c148747ccf73f447c5ee,None,1665380534
before_tendermint,17,CREATE,d38686a9c1f8d657a6dd4e430b7d2e92dedd045fe687c148747ccf73f447c5ee,None,1665380534
check_tx,24,CREATE,d38686a9c1f8d657a6dd4e430b7d2e92dedd045fe687c148747ccf73f447c5ee,None,1665380534
deliver_tx,36,CREATE,d38686a9c1f8d657a6dd4e430b7d2e92dedd045fe687c148747ccf73f447c5ee,None,1665380534
end_block,41,CREATE,d38686a9c1f8d657a6dd4e430b7d2e92dedd045fe687c148747ccf73f447c5ee,None,1665380534
commit_tx,83,CREATE,d38686a9c1f8d657a6dd4e430b7d2e92dedd045fe687c148747ccf73f447c5ee,None,1665380534
received_tx,12,CREATE,b50908e309df9cb1cb435f2d654d7d3a8d5a35b99f7fce5d994cd05351f341a6,None,1665380539
before_tendermint,16,CREATE,b50908e309df9cb1cb435f2d654d7d3a8d5a35b99f7fce5d994cd05351f341a6,None,1665380539
check_tx,22,CREATE,b50908e309df9cb1cb435f2d654d7d3a8d5a35b99f7fce5d994cd05351f341a6,None,1665380539
deliver_tx,33,CREATE,b50908e309df9cb1cb435f2d654d7d3a8d5a35b99f7fce5d994cd05351f341a6,None,1665380539
end_block,38,CREATE,b50908e309df9cb1cb435f2d654d7d3a8d5a35b99f7fce5d994cd05351f341a6,None,1665380539
commit_tx,81,CREATE,b50908e309df9cb1cb435f2d654d7d3a8d5a35b99f7fce5d994cd05351f341a6,None,1665380539
received_tx,13,CREATE,dfb212ae9f5069d79fe1681e3bb73d8fbdd21a87b362ae2affea811fce712b30,None,1665380544
before_tendermint,17,CREATE,dfb212ae9f5069d79fe1681e3bb73d8fbdd21a87b362ae2affea811fce712b30,None,1665380544
check_tx,23,CREATE,dfb212ae9f5069d79fe1681e3bb73d8fbdd21a87b362ae2affea811fce712b30,None,1665380544
deliver_tx,34,CREATE,dfb212ae9f5069d79fe1681e3bb73d8fbdd21a87b362ae2affea811fce712b30,None,1665380544
end_block,39,CREATE,dfb212ae9f5069d79fe1681e3bb73d8fbdd21a87b362ae2affea811fce712b30,None,1665380544
commit_tx,80,CREATE,dfb212ae9f5069d79fe1681e3bb73d8fbdd21a87b362ae2affea811fce712b30,None,1665380544
received_tx,12,CREATE,5a2757c1e703f05091a91c34fa60a2976004e6c24047170bf42ef8081b1bc421,None,1665380549
before_tendermint,16,CREATE,5a2757c1e703f05091a91c34fa60a2976004e6c24047170bf42ef8081b1bc421,None,1665380549
check_tx,22,CREATE,5a2757c1e703f05091a91c34fa60a2976004e6c24047170bf42ef8081b1bc421,None,1665380549
deliver_tx,33,CREATE,5a2757c1e703f05091a91c34fa60a2976004e6c24047170bf42ef8081b1bc421,None,1665380549
end_block,38,CREATE,5a2757c1e703f05091a91c34fa60a2976004e6c24047170bf42ef8081b1bc421,None,1665380549
commit_tx,79,CREATE,5a2757c1e703f05091a91c34fa60a2976004e6c24047170bf42ef8081b1bc421,None,1665380549
received_tx,13,CREATE,4898226022c0ea76cc832247cae7634b585c44df1fa4b6ca67ba09c660aa4b43,None,1665380554
before_tendermint,17,CREATE,4898226022c0ea76cc832247cae7634b585c44df1fa4b6ca67ba09c660aa4b43,None,1665380554
check_tx,23,CREATE,4898226022c0ea76cc832247cae7634b585c44df1fa4b6ca67ba09c660aa4b43,None,1665380554
deliver_tx,38,CREATE,4898226022c0ea76cc832247cae7634b585c44df1fa4b6ca67ba09c660aa4b43,None,1665380554
end_block,43,CREATE,4898226022c0ea76cc832247cae7634b585c44df1fa4b6ca67ba09c660aa4b43,None,1665380554
commit_tx,85,CREATE,4898226022c0ea76cc832247cae7634b585c44df1fa4b6ca67ba09c660aa4b43,None,1665380554
received_tx,12,CREATE,48d94c5b8b7a6a4bdd1faff22eacd7e48b4dfb325508eb6b91e1397d3c662058,None,1665380559
before_tendermint,17,CREATE,48d94c5b8b7a6a4bdd1faff22eacd7e48b4dfb325508eb6b91e1397d3c662058,None,1665380559
check_tx,23,CREATE,48d94c5b8b7a6a4bdd1faff22eacd7e48b4dfb325508eb6b91e1397d3c662058,None,1665380559
deliver_tx,34,CREATE,48d94c5b8b7a6a4bdd1faff22eacd7e48b4dfb325508eb6b91e1397d3c662058,None,1665380559
end_block,39,CREATE,48d94c5b8b7a6a4bdd1faff22eacd7e48b4dfb325508eb6b91e1397d3c662058,None,1665380559
commit_tx,79,CREATE,48d94c5b8b7a6a4bdd1faff22eacd7e48b4dfb325508eb6b91e1397d3c662058,None,1665380559
received_tx,13,CREATE,b7733a4eff3f9d19f1ac01d0c10830865fddcef540582bd156f1d25d87988a62,None,1665380564
before_tendermint,17,CREATE,b7733a4eff3f9d19f1ac01d0c10830865fddcef540582bd156f1d25d87988a62,None,1665380564
check_tx,24,CREATE,b7733a4eff3f9d19f1ac01d0c10830865fddcef540582bd156f1d25d87988a62,None,1665380564
deliver_tx,35,CREATE,b7733a4eff3f9d19f1ac01d0c10830865fddcef540582bd156f1d25d87988a62,None,1665380564
end_block,39,CREATE,b7733a4eff3f9d19f1ac01d0c10830865fddcef540582bd156f1d25d87988a62,None,1665380564
commit_tx,100,CREATE,b7733a4eff3f9d19f1ac01d0c10830865fddcef540582bd156f1d25d87988a62,None,1665380564
received_tx,12,CREATE,f227be03902245ece6695f70f32f41d82843dd94c2e4c1fc7ce2bcde169190a0,None,1665380569
before_tendermint,16,CREATE,f227be03902245ece6695f70f32f41d82843dd94c2e4c1fc7ce2bcde169190a0,None,1665380569
check_tx,23,CREATE,f227be03902245ece6695f70f32f41d82843dd94c2e4c1fc7ce2bcde169190a0,None,1665380569
deliver_tx,34,CREATE,f227be03902245ece6695f70f32f41d82843dd94c2e4c1fc7ce2bcde169190a0,None,1665380569
end_block,38,CREATE,f227be03902245ece6695f70f32f41d82843dd94c2e4c1fc7ce2bcde169190a0,None,1665380569
commit_tx,77,CREATE,f227be03902245ece6695f70f32f41d82843dd94c2e4c1fc7ce2bcde169190a0,None,1665380569
received_tx,13,CREATE,53ce3d4288495de895ee26c3c686e817c81e88182922a7bd064d47c180f24735,None,1665380574
before_tendermint,17,CREATE,53ce3d4288495de895ee26c3c686e817c81e88182922a7bd064d47c180f24735,None,1665380574
check_tx,23,CREATE,53ce3d4288495de895ee26c3c686e817c81e88182922a7bd064d47c180f24735,None,1665380574
deliver_tx,35,CREATE,53ce3d4288495de895ee26c3c686e817c81e88182922a7bd064d47c180f24735,None,1665380574
end_block,39,CREATE,53ce3d4288495de895ee26c3c686e817c81e88182922a7bd064d47c180f24735,None,1665380574
commit_tx,79,CREATE,53ce3d4288495de895ee26c3c686e817c81e88182922a7bd064d47c180f24735,None,1665380574
received_tx,12,CREATE,b694408c1f0aa89ad72f2af41851f3c1470cfcdaf17753313461ee701cd6a730,None,1665380579
before_tendermint,16,CREATE,b694408c1f0aa89ad72f2af41851f3c1470cfcdaf17753313461ee701cd6a730,None,1665380579
check_tx,22,CREATE,b694408c1f0aa89ad72f2af41851f3c1470cfcdaf17753313461ee701cd6a730,None,1665380579
deliver_tx,56,CREATE,b694408c1f0aa89ad72f2af41851f3c1470cfcdaf17753313461ee701cd6a730,None,1665380579
end_block,61,CREATE,b694408c1f0aa89ad72f2af41851f3c1470cfcdaf17753313461ee701cd6a730,None,1665380579
commit_tx,103,CREATE,b694408c1f0aa89ad72f2af41851f3c1470cfcdaf17753313461ee701cd6a730,None,1665380579
received_tx,13,CREATE,16919b85f3e28c90d0b419330882027189808ce6c2e73ef1905edada3298b1f8,None,1665380584
before_tendermint,17,CREATE,16919b85f3e28c90d0b419330882027189808ce6c2e73ef1905edada3298b1f8,None,1665380584
check_tx,23,CREATE,16919b85f3e28c90d0b419330882027189808ce6c2e73ef1905edada3298b1f8,None,1665380584
deliver_tx,36,CREATE,16919b85f3e28c90d0b419330882027189808ce6c2e73ef1905edada3298b1f8,None,1665380584
end_block,40,CREATE,16919b85f3e28c90d0b419330882027189808ce6c2e73ef1905edada3298b1f8,None,1665380584
commit_tx,82,CREATE,16919b85f3e28c90d0b419330882027189808ce6c2e73ef1905edada3298b1f8,None,1665380584
received_tx,13,CREATE,86c332b70f89436120c04a74bd905d5a18a6fa3cb06e15b25d3fe78bb0a0ad7c,None,1665380589
before_tendermint,17,CREATE,86c332b70f89436120c04a74bd905d5a18a6fa3cb06e15b25d3fe78bb0a0ad7c,None,1665380589
check_tx,23,CREATE,86c332b70f89436120c04a74bd905d5a18a6fa3cb06e15b25d3fe78bb0a0ad7c,None,1665380589
deliver_tx,34,CREATE,86c332b70f89436120c04a74bd905d5a18a6fa3cb06e15b25d3fe78bb0a0ad7c,None,1665380589
end_block,38,CREATE,86c332b70f89436120c04a74bd905d5a18a6fa3cb06e15b25d3fe78bb0a0ad7c,None,1665380589
commit_tx,81,CREATE,86c332b70f89436120c04a74bd905d5a18a6fa3cb06e15b25d3fe78bb0a0ad7c,None,1665380589
received_tx,13,CREATE,7ed7e0a631cc5f789dce9cf2a817f4e5b6bdf2ef6e20e8f76c0b6655cfdf7966,None,1665380594
before_tendermint,17,CREATE,7ed7e0a631cc5f789dce9cf2a817f4e5b6bdf2ef6e20e8f76c0b6655cfdf7966,None,1665380594
check_tx,23,CREATE,7ed7e0a631cc5f789dce9cf2a817f4e5b6bdf2ef6e20e8f76c0b6655cfdf7966,None,1665380594
deliver_tx,34,CREATE,7ed7e0a631cc5f789dce9cf2a817f4e5b6bdf2ef6e20e8f76c0b6655cfdf7966,None,1665380594
end_block,39,CREATE,7ed7e0a631cc5f789dce9cf2a817f4e5b6bdf2ef6e20e8f76c0b6655cfdf7966,None,1665380594
commit_tx,78,CREATE,7ed7e0a631cc5f789dce9cf2a817f4e5b6bdf2ef6e20e8f76c0b6655cfdf7966,None,1665380594
received_tx,13,CREATE,fdf6782b563cf18e7c8ac3869440d9db974e5bfa438f567dd7cfd2ece5b13f9b,None,1665380599
before_tendermint,16,CREATE,fdf6782b563cf18e7c8ac3869440d9db974e5bfa438f567dd7cfd2ece5b13f9b,None,1665380599
check_tx,23,CREATE,fdf6782b563cf18e7c8ac3869440d9db974e5bfa438f567dd7cfd2ece5b13f9b,None,1665380599
deliver_tx,56,CREATE,fdf6782b563cf18e7c8ac3869440d9db974e5bfa438f567dd7cfd2ece5b13f9b,None,1665380599
end_block,60,CREATE,fdf6782b563cf18e7c8ac3869440d9db974e5bfa438f567dd7cfd2ece5b13f9b,None,1665380599
commit_tx,102,CREATE,fdf6782b563cf18e7c8ac3869440d9db974e5bfa438f567dd7cfd2ece5b13f9b,None,1665380599
received_tx,14,CREATE,fc52be60cee0099f85eab5abd51786e0257512bffc0102ce08bdaa2759f573fa,None,1665380604
before_tendermint,18,CREATE,fc52be60cee0099f85eab5abd51786e0257512bffc0102ce08bdaa2759f573fa,None,1665380604
check_tx,24,CREATE,fc52be60cee0099f85eab5abd51786e0257512bffc0102ce08bdaa2759f573fa,None,1665380604
deliver_tx,67,CREATE,fc52be60cee0099f85eab5abd51786e0257512bffc0102ce08bdaa2759f573fa,None,1665380604
end_block,71,CREATE,fc52be60cee0099f85eab5abd51786e0257512bffc0102ce08bdaa2759f573fa,None,1665380604
commit_tx,113,CREATE,fc52be60cee0099f85eab5abd51786e0257512bffc0102ce08bdaa2759f573fa,None,1665380604
received_tx,13,CREATE,127c1fbab1939da2ef8ca2dd3a75694b8fc1bc3ec86c6b9346bd186026dde0c7,None,1665380609
before_tendermint,17,CREATE,127c1fbab1939da2ef8ca2dd3a75694b8fc1bc3ec86c6b9346bd186026dde0c7,None,1665380609
check_tx,23,CREATE,127c1fbab1939da2ef8ca2dd3a75694b8fc1bc3ec86c6b9346bd186026dde0c7,None,1665380609
deliver_tx,56,CREATE,127c1fbab1939da2ef8ca2dd3a75694b8fc1bc3ec86c6b9346bd186026dde0c7,None,1665380609
end_block,61,CREATE,127c1fbab1939da2ef8ca2dd3a75694b8fc1bc3ec86c6b9346bd186026dde0c7,None,1665380609
commit_tx,103,CREATE,127c1fbab1939da2ef8ca2dd3a75694b8fc1bc3ec86c6b9346bd186026dde0c7,None,1665380609
received_tx,14,CREATE,01e3e21e40e32cc5f31584eef02d38b4031de0f1c6dd2998de7209ac33881afa,None,1665380614
before_tendermint,19,CREATE,01e3e21e40e32cc5f31584eef02d38b4031de0f1c6dd2998de7209ac33881afa,None,1665380614
check_tx,26,CREATE,01e3e21e40e32cc5f31584eef02d38b4031de0f1c6dd2998de7209ac33881afa,None,1665380614
deliver_tx,59,CREATE,01e3e21e40e32cc5f31584eef02d38b4031de0f1c6dd2998de7209ac33881afa,None,1665380614
end_block,64,CREATE,01e3e21e40e32cc5f31584eef02d38b4031de0f1c6dd2998de7209ac33881afa,None,1665380614
commit_tx,106,CREATE,01e3e21e40e32cc5f31584eef02d38b4031de0f1c6dd2998de7209ac33881afa,None,1665380614
received_tx,13,CREATE,3d05da8615a4b74f1fa23f2afa4d32fd1da715d8ccb85b0f4b6e79658f39eec3,None,1665380619
before_tendermint,17,CREATE,3d05da8615a4b74f1fa23f2afa4d32fd1da715d8ccb85b0f4b6e79658f39eec3,None,1665380619
check_tx,24,CREATE,3d05da8615a4b74f1fa23f2afa4d32fd1da715d8ccb85b0f4b6e79658f39eec3,None,1665380619
deliver_tx,34,CREATE,3d05da8615a4b74f1fa23f2afa4d32fd1da715d8ccb85b0f4b6e79658f39eec3,None,1665380619
end_block,39,CREATE,3d05da8615a4b74f1fa23f2afa4d32fd1da715d8ccb85b0f4b6e79658f39eec3,None,1665380619
commit_tx,80,CREATE,3d05da8615a4b74f1fa23f2afa4d32fd1da715d8ccb85b0f4b6e79658f39eec3,None,1665380619
received_tx,14,CREATE,a2bf32a1beb470f8efa4a9a209240e47198c2743ba251ec473e4fdb9ff14bf17,None,1665380624
before_tendermint,18,CREATE,a2bf32a1beb470f8efa4a9a209240e47198c2743ba251ec473e4fdb9ff14bf17,None,1665380624
check_tx,24,CREATE,a2bf32a1beb470f8efa4a9a209240e47198c2743ba251ec473e4fdb9ff14bf17,None,1665380624
deliver_tx,35,CREATE,a2bf32a1beb470f8efa4a9a209240e47198c2743ba251ec473e4fdb9ff14bf17,None,1665380624
end_block,40,CREATE,a2bf32a1beb470f8efa4a9a209240e47198c2743ba251ec473e4fdb9ff14bf17,None,1665380624
commit_tx,83,CREATE,a2bf32a1beb470f8efa4a9a209240e47198c2743ba251ec473e4fdb9ff14bf17,None,1665380624
received_tx,13,CREATE,9a78a8ab6acb76a73df9e0e93891250d86501c903753c2405d3047488a96002f,None,1665380629
before_tendermint,17,CREATE,9a78a8ab6acb76a73df9e0e93891250d86501c903753c2405d3047488a96002f,None,1665380629
check_tx,23,CREATE,9a78a8ab6acb76a73df9e0e93891250d86501c903753c2405d3047488a96002f,None,1665380629
deliver_tx,35,CREATE,9a78a8ab6acb76a73df9e0e93891250d86501c903753c2405d3047488a96002f,None,1665380629
end_block,40,CREATE,9a78a8ab6acb76a73df9e0e93891250d86501c903753c2405d3047488a96002f,None,1665380629
commit_tx,80,CREATE,9a78a8ab6acb76a73df9e0e93891250d86501c903753c2405d3047488a96002f,None,1665380629
received_tx,14,CREATE,5293fcd712d160739408d108c632a67652e21326404179a4edf72b8c49470e4a,None,1665380634
before_tendermint,18,CREATE,5293fcd712d160739408d108c632a67652e21326404179a4edf72b8c49470e4a,None,1665380634
check_tx,25,CREATE,5293fcd712d160739408d108c632a67652e21326404179a4edf72b8c49470e4a,None,1665380634
deliver_tx,36,CREATE,5293fcd712d160739408d108c632a67652e21326404179a4edf72b8c49470e4a,None,1665380634
end_block,41,CREATE,5293fcd712d160739408d108c632a67652e21326404179a4edf72b8c49470e4a,None,1665380634
commit_tx,84,CREATE,5293fcd712d160739408d108c632a67652e21326404179a4edf72b8c49470e4a,None,1665380634
received_tx,13,CREATE,88b143e6cbc10e7f827db497e2a12e11033b0f9dc666ef46543b5a00494af88f,None,1665380639
before_tendermint,17,CREATE,88b143e6cbc10e7f827db497e2a12e11033b0f9dc666ef46543b5a00494af88f,None,1665380639
check_tx,24,CREATE,88b143e6cbc10e7f827db497e2a12e11033b0f9dc666ef46543b5a00494af88f,None,1665380639
deliver_tx,34,CREATE,88b143e6cbc10e7f827db497e2a12e11033b0f9dc666ef46543b5a00494af88f,None,1665380639
end_block,40,CREATE,88b143e6cbc10e7f827db497e2a12e11033b0f9dc666ef46543b5a00494af88f,None,1665380639
commit_tx,82,CREATE,88b143e6cbc10e7f827db497e2a12e11033b0f9dc666ef46543b5a00494af88f,None,1665380639
received_tx,14,CREATE,29202b212b4396863f4f4699f512addf9d72cebe253e30e15f3f2792353c7ae3,None,1665380644
before_tendermint,18,CREATE,29202b212b4396863f4f4699f512addf9d72cebe253e30e15f3f2792353c7ae3,None,1665380644
check_tx,25,CREATE,29202b212b4396863f4f4699f512addf9d72cebe253e30e15f3f2792353c7ae3,None,1665380644
deliver_tx,37,CREATE,29202b212b4396863f4f4699f512addf9d72cebe253e30e15f3f2792353c7ae3,None,1665380644
end_block,41,CREATE,29202b212b4396863f4f4699f512addf9d72cebe253e30e15f3f2792353c7ae3,None,1665380644
commit_tx,81,CREATE,29202b212b4396863f4f4699f512addf9d72cebe253e30e15f3f2792353c7ae3,None,1665380644
received_tx,13,CREATE,0076f377e69b025a2d280b6b7761b192ba5a34ff714b90390301ec1607584289,None,1665380649
before_tendermint,17,CREATE,0076f377e69b025a2d280b6b7761b192ba5a34ff714b90390301ec1607584289,None,1665380649
check_tx,24,CREATE,0076f377e69b025a2d280b6b7761b192ba5a34ff714b90390301ec1607584289,None,1665380649
deliver_tx,35,CREATE,0076f377e69b025a2d280b6b7761b192ba5a34ff714b90390301ec1607584289,None,1665380649
end_block,40,CREATE,0076f377e69b025a2d280b6b7761b192ba5a34ff714b90390301ec1607584289,None,1665380649
commit_tx,78,CREATE,0076f377e69b025a2d280b6b7761b192ba5a34ff714b90390301ec1607584289,None,1665380649
received_tx,13,CREATE,174901dbd0204b09022b9e245c9c4af8d5511952b0f6a6cb2c725b3928071910,None,1665380654
before_tendermint,18,CREATE,174901dbd0204b09022b9e245c9c4af8d5511952b0f6a6cb2c725b3928071910,None,1665380654
check_tx,24,CREATE,174901dbd0204b09022b9e245c9c4af8d5511952b0f6a6cb2c725b3928071910,None,1665380654
deliver_tx,60,CREATE,174901dbd0204b09022b9e245c9c4af8d5511952b0f6a6cb2c725b3928071910,None,1665380654
end_block,65,CREATE,174901dbd0204b09022b9e245c9c4af8d5511952b0f6a6cb2c725b3928071910,None,1665380654
commit_tx,106,CREATE,174901dbd0204b09022b9e245c9c4af8d5511952b0f6a6cb2c725b3928071910,None,1665380654
received_tx,13,CREATE,379a61c427d5e9598a3da9c4dc8ff33d62621fe4e7e75c30d3df16b1288146ff,None,1665380659
before_tendermint,18,CREATE,379a61c427d5e9598a3da9c4dc8ff33d62621fe4e7e75c30d3df16b1288146ff,None,1665380659
check_tx,24,CREATE,379a61c427d5e9598a3da9c4dc8ff33d62621fe4e7e75c30d3df16b1288146ff,None,1665380659
deliver_tx,35,CREATE,379a61c427d5e9598a3da9c4dc8ff33d62621fe4e7e75c30d3df16b1288146ff,None,1665380659
end_block,40,CREATE,379a61c427d5e9598a3da9c4dc8ff33d62621fe4e7e75c30d3df16b1288146ff,None,1665380659
commit_tx,81,CREATE,379a61c427d5e9598a3da9c4dc8ff33d62621fe4e7e75c30d3df16b1288146ff,None,1665380659
received_tx,14,CREATE,072a26f44e0507749c9ae641ecfeafd5621b09ed303c8578f635b1261f1a733b,None,1665380664
before_tendermint,18,CREATE,072a26f44e0507749c9ae641ecfeafd5621b09ed303c8578f635b1261f1a733b,None,1665380664
check_tx,24,CREATE,072a26f44e0507749c9ae641ecfeafd5621b09ed303c8578f635b1261f1a733b,None,1665380664
deliver_tx,57,CREATE,072a26f44e0507749c9ae641ecfeafd5621b09ed303c8578f635b1261f1a733b,None,1665380664
end_block,62,CREATE,072a26f44e0507749c9ae641ecfeafd5621b09ed303c8578f635b1261f1a733b,None,1665380664
commit_tx,104,CREATE,072a26f44e0507749c9ae641ecfeafd5621b09ed303c8578f635b1261f1a733b,None,1665380664
received_tx,13,CREATE,0d7f8b81fb762ed7be347eb49f5e7dfbf9ee3a921dc91d94d397e38512354112,None,1665380669
before_tendermint,17,CREATE,0d7f8b81fb762ed7be347eb49f5e7dfbf9ee3a921dc91d94d397e38512354112,None,1665380669
check_tx,23,CREATE,0d7f8b81fb762ed7be347eb49f5e7dfbf9ee3a921dc91d94d397e38512354112,None,1665380669
deliver_tx,34,CREATE,0d7f8b81fb762ed7be347eb49f5e7dfbf9ee3a921dc91d94d397e38512354112,None,1665380669
end_block,38,CREATE,0d7f8b81fb762ed7be347eb49f5e7dfbf9ee3a921dc91d94d397e38512354112,None,1665380669
commit_tx,78,CREATE,0d7f8b81fb762ed7be347eb49f5e7dfbf9ee3a921dc91d94d397e38512354112,None,1665380669
received_tx,13,CREATE,0ae6c478cde6ed628056036ee85a052398f4d135adb0e5937eecd2c5b2d04717,None,1665380674
before_tendermint,17,CREATE,0ae6c478cde6ed628056036ee85a052398f4d135adb0e5937eecd2c5b2d04717,None,1665380674
check_tx,23,CREATE,0ae6c478cde6ed628056036ee85a052398f4d135adb0e5937eecd2c5b2d04717,None,1665380674
deliver_tx,59,CREATE,0ae6c478cde6ed628056036ee85a052398f4d135adb0e5937eecd2c5b2d04717,None,1665380674
end_block,63,CREATE,0ae6c478cde6ed628056036ee85a052398f4d135adb0e5937eecd2c5b2d04717,None,1665380674
commit_tx,105,CREATE,0ae6c478cde6ed628056036ee85a052398f4d135adb0e5937eecd2c5b2d04717,None,1665380674
received_tx,13,CREATE,5426c37a983c4640f6c3f73f689dcabf6e62f8efa1a29aac2790a11ee18f68e8,None,1665380679
